level	headword	pos	en	vi	soat
A1	book	noun	A set of printed pages bound together in a cover.	quyển sách	ok
A1	child	noun	A young human being, below the age of an adult.	đứa trẻ, trẻ em	ok
A1	go	verb	To move or travel from one place to another.	đi	ok
A1	good	adj	Of a high standard or quality.	tốt, hay, giỏi	ok
A1	make	verb	To produce or create something.	làm, tạo ra	ok
A1	quickly	adv	At a fast speed, or after only a short time.	một cách nhanh chóng	ok
A1	run	verb	To move quickly on foot, faster than walking.	chạy	ok
A1	water	noun	The clear liquid that falls as rain and that people drink.	nước	ok
A2	book	verb	To arrange for a seat, room or table to be kept for you.	đặt chỗ, đặt trước	ok
B1	affair	noun	(often in the plural) Something which is done or is to be done; business of any kind, commercial, professional, or public.	công việc, sự vụ	ok
B1	affair	noun	A material object (vaguely designated).	thứ, món đồ	ok
B1	affair	noun	An adulterous relationship, chiefly of a married person. (from affaire de cœur, affair of the heart).	chuyện ngoại tình, ngoại tình	ok
B1	affair	noun	Any proceeding or action which it is wished to refer to or characterize vaguely.	vụ việc, chuyện	ok
B1	airport	noun	An airfield (an area designated for the takeoff and landing of aircraft), including one or more runways and (for commercial airports) one or more passenger terminals.	sân bay	ok
B1	amount	noun	(nonstandard, sometimes proscribed) The number (the sum) of elements in a set.	(không chuẩn) số lượng	ok
B1	amount	noun	A quantity or volume.	lượng, số lượng	ok
B1	amount	noun	The total, aggregate or sum of material (not applicable to discrete numbers or units or items in standard English).	tổng lượng, tổng số	ok
B1	amount	verb	(intransitive, followed by to) To be the tantamount to; to reach up to the level of.	tương đương với, chẳng khác gì	ok
B1	amount	verb	(intransitive, followed by to) To total or evaluate.	lên tới, tổng cộng là	ok
B1	artist	noun	(often in combination) A person who is skilled at some activity.	bậc thầy, cao thủ	ok
B1	artist	noun	A person who creates art.	nghệ sĩ	ok
B1	artist	noun	A person who creates visual art (in contrast to literature, music etc.)	họa sĩ, nghệ sĩ tạo hình	ok
B1	artist	noun	A recording artist.	ca sĩ, nghệ sĩ thu âm	ok
B1	ashamed	adj	(chiefly of someone in trouble and undergoing punishment for doing something wrong) Feeling shame or guilt.	xấu hổ, hổ thẹn	ok
B1	assistant	adj	Having a subordinate or auxiliary position.	phụ, trợ lý	ok
B1	assistant	adj	Helping; lending aid or support; auxiliary.	hỗ trợ, phụ trợ	ok
B1	assistant	noun	(British) Sales assistant.	(Anh) nhân viên bán hàng	ok
B1	assistant	noun	A person who assists or helps someone else.	phó thủ	sai tiếng Việt: "phó thủ" không phải từ tiếng Việt chuẩn (chỉ có trong tổ hợp như "phó thủ trưởng") — nên là "trợ lý, người phụ tá, người giúp việc"
B1	assistant	noun	A software tool that provides assistance in some task, a wizard program.	trợ lý (phần mềm), trình hướng dẫn	ok
B1	assume	verb	To adopt a feigned quality or manner; to claim without right; to arrogate.	giả bộ, mạo nhận	ok
B1	assume	verb	To authenticate by means of belief; to surmise; to suppose to be true, especially without proof.	cho rằng	ok
B1	assume	verb	To receive, adopt (a person).	thu nhận, tiếp nhận (một người)	ok
B1	assume	verb	To take on a position, duty or form.	nhậm chức	nghĩa quá hẹp: "nhậm chức" chỉ phủ việc nhận chức vụ, sót "duty or form" — nên là "đảm nhận (chức vụ, nhiệm vụ), mang (hình dạng)"
B1	attorney	noun	(Philippines, sometimes US) An honorific given to lawyers and notaries public, or those holders by profession who also do other jobs. Usually capitalized or abbreviated as Atty.	luật sư	mất nhãn và sai nghĩa: đây là danh xưng kính trọng (Atty.) ở Philippines, không phải nghề nghiệp — nên là "(Philippines) danh xưng kính trọng dành cho luật sư, công chứng viên (Atty.)"
B1	attorney	noun	(US) A lawyer; one who advises or represents others in legal matters as a profession.	luật sư	mất nhãn vùng (US) — nên là "(Mỹ) luật sư"
B1	attorney	noun	A prosecutor.	công tố viên	ok
B1	attorney	noun	An attorney tree (Clusia spp.)		
B1	avoid	verb	(transitive) To keep away from; to keep clear of; to stay away from.	tránh	ok
B1	avoid	verb	(transitive) To stay out of the way of (something harmful).	tránh, né tránh	ok
B1	avoid	verb	(transitive) To try not to do something or to have something happen.	tránh, cố không làm	ok
B1	avoid	verb	(transitive) To try not to meet or communicate with (a person); to shun.	tránh mặt, lảng tránh	ok
B1	bath	noun	(historical units of measure) A former Hebrew unit of liquid volume (about 23 L or 6 gallons).	(lịch sử) đơn vị đo thể tích cổ của người Hebrew (khoảng 23 lít)	ok
B1	bath	noun	A building or area where bathing occurs.	phòng tắm	sai nghĩa: nghĩa này là tòa nhà/khu vực để tắm (nhà tắm công cộng), không phải phòng tắm trong nhà — nên là "nhà tắm, khu tắm"
B1	bath	noun	A tub or pool which is used for bathing: bathtub.	bồn tắm	ok
B1	bath	noun	Specifically, bathing by immersing the body in water, rather than through other means, or an instance of this.	sự tắm, tắm bồn	ok
B1	bath	noun	The act of bathing; an instance of this; the taking of a bath.	tắm	ok
B1	bath	verb	(intransitive, informal, Commonwealth) To bathe (oneself); to have a bath.	(Anh, khẩu ngữ) tắm	ok
B1	bath	verb	(transitive, Commonwealth) To wash a person or animal in a bath.	(Anh) tắm cho (người/con vật)	ok
B1	bedroom	noun	(euphemistic) The location of sexual activity.	(uyển ngữ) chuyện giường chiếu	ok
B1	bedroom	noun	A room in a house, apartment, hotel, or other dwelling where a bed is kept for sleeping.	phòng ngủ	ok
B1	bike	noun	(chiefly Scotland, by extension, collective) A crowd of people.	(Scotland) đám đông	ok
B1	bike	noun	(Scotland, Northern England) A hive of bees, or a nest of wasps, hornets, or ants.	(Scotland, Bắc Anh) tổ ong, tổ kiến	ok
B1	bike	noun	(slang, derogatory) Ellipsis of village bike.	(tiếng lóng, miệt thị) gái lẳng lơ, đồ lăng loàn	ok
B1	bike	noun	Any vehicle sharing some characteristics with a bicycle or motorbike, such as pedal power, a handlebar, or a saddle.	xe đạp	nghĩa quá hẹp: nghĩa này là mọi phương tiện có đặc điểm giống xe đạp/xe máy, trùng với dòng "Clipping of bicycle" — nên là "xe hai bánh (kiểu xe đạp/xe máy)"
B1	bike	noun	Clipping of bicycle.	xe đạp	ok
B1	bike	noun	Clipping of motorbike.	xe máy	ok
B1	bike	verb	(intransitive) To ride a bike.	đạp xe	ok
B1	bike	verb	(intransitive) To travel by bike.	đi xe đạp, đạp xe	ok
B1	bike	verb	(transitive) To transport by bicycle.	chở bằng xe đạp	ok
B1	bleep	noun	(euphemistic) A general euphemism for any expletive.	(uyển ngữ) tiếng "bíp" (thay cho từ tục)	ok
B1	bleep	noun	(medicine, UK) A pager, usually one held by a doctor or nurse in a hospital.	(y học, Anh) máy nhắn tin	ok
B1	bleep	noun	(music, slang, uncountable) A broad genre of electronic music with goth and industrial influences, as opposed to traditional gothic rock.	(âm nhạc) dòng nhạc điện tử bleep	ok
B1	bleep	noun	A brief high-pitched sound, as from some electronic device.	tiếng bíp	ok
B1	bleep	verb	(intransitive) To emit one or more bleeps.	kêu bíp bíp, phát tiếng bíp	ok
B1	bleep	verb	(medicine, UK) To contact someone by pager.	(y học, Anh) nhắn tin qua máy nhắn tin	ok
B1	bleep	verb	(transitive) To edit out inappropriate spoken language in a broadcast by replacing offending words with bleeps.	bíp đi, che bằng tiếng bíp	ok
B1	bless	phrase	(UK, Canada, informal) Used as an expression of endearment, gratitude, or (ironically) belittlement.	(Anh, Canada, khẩu ngữ) tội quá, đáng yêu quá	ok
B1	bless	verb	To esteem or account happy; to felicitate.	cho là may mắn, chúc mừng	ok
B1	bless	verb	To honor as holy, glorify; to extol for excellence.	tôn vinh, ca ngợi	ok
B1	bless	verb	To invoke divine favor upon.	cầu phúc, ban phước	ok
B1	bless	verb	To make something holy by religious rite, sanctify.	làm phép, thánh hóa	ok
B1	block	noun	A contiguous group of urban lots of property, typically several acres in extent, not crossed by public streets.	khu nhà, dãy phố	ok
B1	block	noun	A logical extent or region; a grouping or apportionment of like things treated together as a unit.	khối, cụm	ok
B1	block	noun	A physical area or extent of something, often rectangular or approximately rectangular.	khối, tảng	ok
B1	block	noun	A substantial, often approximately cuboid, piece of any substance.	bờ lốc	"bờ lốc" là phiên âm của block, không phải từ tiếng Việt mang nghĩa này — nên là "khối, tảng, cục (vật chất)"
B1	block	verb	(transitive, theater) To specify the positions and movements of the actors for (a section of a play or film).	(sân khấu) dàn cảnh, bố trí diễn xuất	ok
B1	block	verb	(transitive) To fill or obstruct (something) so that it is not possible to pass.	chặn, làm tắc nghẽn	ok
B1	block	verb	(transitive) To prevent (something from happening or someone from doing something).	ngăn cản, ngăn chặn	ok
B1	block	verb	(transitive) To prevent (something or someone) from passing.	chặn, cản (không cho qua)	ok
B1	bread	noun	(countable) Any variety of bread.	loại bánh mì	ok
B1	bread	noun	(slang, US or Cockney) Money.	(tiếng lóng) tiền, xèng	ok
B1	bread	noun	A foodstuff made by baking dough made from cereals.	bánh mì	ok
B1	bread	noun	A piece of embroidery; a braid.	dải bện, đường viền thêu	ok
B1	bread	noun	Food; sustenance; support of life, in general.	cái ăn, miếng cơm manh áo	ok
B1	bread	verb	(transitive) To coat with breadcrumbs.	tẩm bột chiên xù, lăn bột bánh mì	ok
B1	bread	verb	(transitive) To form in meshes; net.	bện, đan	ok
B1	cancer	noun	(figuratively) Something damaging that spreads throughout something else.	(nghĩa bóng) ung nhọt, tệ nạn lan tràn	ok
B1	cancer	noun	(medicine, oncology, pathology) A disease in which the cells of a tissue undergo uncontrolled (and often rapid) proliferation.	(y học) ung thư	ok
B1	castle	noun	(chess, informal) A rook; a chess piece shaped like a castle tower.	(cờ vua, thông tục) quân xe	ok
B1	castle	noun	(chess) An instance of castling.	(cờ vua) nước nhập thành	ok
B1	castle	noun	(shogi) A defense structure in shogi formed by defensive pieces surrounding the king.	(shogi) thế trận phòng thủ quanh vua	ok
B1	castle	noun	A large residential building or compound that is fortified and contains many defences; in previous ages often inhabited by a nobleman or king. Also, a house or mansion with some of the architectural features of medieval castles.	lâu đài	ok
B1	castle	verb	(transitive, figurative) To protect or separate in a similar way.	(nghĩa bóng) bảo vệ, che chắn	ok
B1	castle	verb	(transitive) To house or keep in a castle.	cho trú ngụ trong lâu đài	ok
B1	castle	verb	(usually intransitive, chess) To move the king 2 squares right or left and, in the same turn, the nearest rook to the far side of the king. The move now has special rules: the king cannot be in, go through, or end in check; the squares between the king and rook must be vacant; and neither piece may have been moved before castling.	(cờ vua) nhập thành	ok
B1	castle	verb	(usually intransitive, shogi) To create a similar defensive position in Japanese chess through several moves.	(shogi) lập thế phòng thủ cho vua	ok
B1	celebrate	verb	(transitive or intransitive) To engage in joyful activity in appreciation of an event.	mừng	ok
B1	celebrate	verb	(transitive) To extol or honour in a solemn manner.	ca tụng, tôn vinh	ok
B1	celebrate	verb	(transitive) To honour by rites, by ceremonies of joy and respect, or by refraining from ordinary business; to observe duly.	ăn mừng, kỷ niệm, tổ chức lễ	ok
B1	celebrate	verb	(transitive) To perform or participate in, as a sacrament or solemn rite; to perform with appropriate rites.	(tôn giáo) cử hành (lễ)	ok
B1	century	noun	A hundred things of the same kind; a hundred.	một trăm	ok
B1	century	noun	A period of one hundred consecutive years; often specifically a numbered period with conventional start and end dates, e.g., the twentieth century, which stretches from (strictly) 1901 through 2000, or (informally) 1900 through 1999. The first century AD was from 1 to 100.	thế kỷ	ok
B1	century	noun	A political division of ancient Rome, meeting in the Centuriate Assembly.	(lịch sử La Mã) đơn vị chính trị (bách nhân)	ok
B1	century	noun	A unit in ancient Roman army, originally of one hundred army soldiers as part of a cohort, later of more varied sizes (but typically containing sixty to seventy or eighty) soldiers or other men (guards, police, firemen), commanded by a centurion.	(lịch sử La Mã, quân sự) đội bách nhân	ok
B1	chase	noun	(British) A large country estate where game may be shot or hunted.	(Anh) khu đất săn bắn tư nhân	ok
B1	chase	noun	(printing) A rectangular steel or iron frame into which pages or columns of type are locked for printing or plate-making.	(in ấn) khung kẹp bản in	ok
B1	chase	noun	(shipbuilding) A kind of joint by which an overlap joint is changed to a flush joint by means of a gradually deepening rabbet, as at the ends of clinker-built boats.		
B1	chase	noun	(uncountable) A children's game where one player chases another.	trò đuổi bắt	ok
B1	chase	noun	A groove cut in an object; a slot: the chase for the quarrel on a crossbow.	rãnh, khe	ok
B1	chase	noun	A hunt; the act of hunting; the pursuit of game.	cuộc săn, sự săn đuổi	ok
B1	chase	noun	The act of one who chases another; a pursuit.	cuộc rượt đuổi, sự truy đuổi	ok
B1	chase	noun	The cavity of a mold.	(kỹ thuật đúc) lòng khuôn	ok
B1	chase	noun	The part of a gun in front of the trunnions.	(quân sự) phần nòng súng phía trước trục quay	ok
B1	chase	verb	(transitive, baseball) To swing at a pitch outside of the strike zone, typically an outside pitch.	(bóng chày) vung gậy đánh bóng ngoài vùng đánh hợp lệ	ok
B1	chase	verb	(transitive, cricket) To attempt to win by scoring the required number of runs in the final innings.	(cricket) đuổi theo số điểm cần để thắng	ok
B1	chase	verb	(transitive) To consume another beverage immediately after drinking hard liquor, typically something better tasting or less harsh such as soda or beer; to use a drink as a chaser.	uống (đồ uống) ngay sau khi uống rượu mạnh	ok
B1	chase	verb	(transitive) To cut (the thread of a screw).	(kỹ thuật) tiện ren, cắt ren	ok
B1	chase	verb	(transitive) To decorate (metal) by engraving or embossing.	(kỹ thuật) chạm khắc, chạm nổi (kim loại)	ok
B1	chase	verb	(transitive) To groove; indent.	khoét rãnh, đục rãnh	ok
B1	chase	verb	(transitive) To place piping or wiring in a groove encased within a wall or floor, or in a hidden space encased by a wall.	(xây dựng) đục rãnh âm tường (để đi ống, dây điện)	ok
B1	chase	verb	(transitive) To pursue.	đuổi theo, truy đuổi, rượt đuổi	ok
B1	cheap	adj	(slang, of an action or tactic in a game of skill) Underhanded or unfair.	(thông tục) chơi bẩn, ăn gian	ok
B1	cheap	adj	Low or reduced in price.	rẻ	ok
B1	cheap	adj	Of little worth.	rẻ tiền, không đáng giá	ok
B1	cheap	adj	Of poor quality.	kém chất lượng, rẻ tiền	ok
B1	cheese	noun	(countable) A piece of cheese, especially one moulded into a large round shape during manufacture.	khối phô mai, bánh phô mai	ok
B1	cheese	noun	(countable) Any particular variety of cheese.	loại phô mai	ok
B1	cheese	noun	(gaming) The exploitation, or opportunity for exploitation, of an unintentional video game mechanic.	(trò chơi điện tử, thông tục) mẹo lợi dụng lỗi game	ok
B1	cheese	noun	(slang) Wealth, fame, excellence, importance.	(tiếng lóng) tiền, danh tiếng, quyền lực	ok
B1	cheese	noun	(uncountable, UK) A thick variety of jam (fruit preserve), as distinguished from a thinner variety (sometimes called jelly)	(Anh) mứt quả đặc	ok
B1	cheese	noun	(uncountable) A dairy product made from curdled or cultured milk.	pho mát	ok
B1	cheese	phrase	(photography) Said while being photographed, to give the impression of smiling.	hai	mất nhãn (nhiếp ảnh) và "hai" không diễn đạt được nghĩa — nên là "(nhiếp ảnh) cười lên nào; hai... ba..."
B1	cheese	verb	(Internet slang, gaming, ambitransitive) To use a controversial or unsporting tactic to gain an advantage (especially in a game.)	(trò chơi điện tử, thông tục) chơi bẩn, lợi dụng lỗi game để thắng	ok
B1	cheese	verb	(slang) To anger or irritate someone, usually in combination with "off".	(thông tục, Anh) làm bực mình, chọc tức	ok
B1	cheese	verb	(slang) To smile excessively, as for a camera.	(thông tục) cười toe toét (khi chụp ảnh)	ok
B1	cheese	verb	(slang) To stop; to refrain from.	(tiếng lóng, cổ) dừng lại, thôi	ok
B1	cheese	verb	(technology) To make holes in a pattern of circuitry to decrease pattern density.	(kỹ thuật) khoét lỗ để giảm mật độ mạch	ok
B1	cheese	verb	(video games, slang) To use an unconventional, all-in strategy to take one's opponent by surprise early in the game (especially for real-time strategy games).	(trò chơi điện tử, thông tục) dùng chiến thuật liều lĩnh, bất ngờ	ok
B1	cheese	verb	To prepare curds for making cheese.	làm phô mai	ok
B1	chef	noun	(historical) A reliquary in the shape of a head.	(tôn giáo, cổ) hộp thánh tích hình đầu người	ok
B1	chef	noun	Any cook.	đầu bếp, người nấu ăn	ok
B1	chef	noun	The head cook of a restaurant or other establishment.	đầu bếp trưởng, bếp trưởng	ok
B1	chef	noun	The presiding cook in the kitchen of a large household.	bếp trưởng (gia đình)	ok
B1	chef	verb	(Internet slang) To impress others.	(tiếng lóng mạng) gây ấn tượng, làm mê mẩn	ok
B1	chef	verb	(MLE, transitive) To stab with a knife, to shank.	(tiếng lóng, Anh) đâm dao	ok
B1	chef	verb	(stative, informal) To work as a chef; to prepare and cook food professionally.	(thông tục) làm đầu bếp	ok
B1	china	noun	(countable) Synonym of China rose, in its various senses.	hoa hồng Trung Quốc	ok
B1	china	noun	(uncountable) Chinaware: porcelain tableware.	đồ sứ	ok
B1	china	noun	(uncountable) Synonym of China root, the root of Smilax china (particularly) as a medicine.	(y học cổ truyền) thổ phục linh	ok
B1	china	noun	(uncountable) Synonym of porcelain, a hard white translucent ceramic made from kaolin, now (chiefly US) sometimes distinguished in reference to tableware as fine or good china.	sứ, đồ sứ	ok
B1	clock	noun	(attributive) A common noun relating to an instrument that measures or keeps track of time.	đồng hồ	ok
B1	clock	noun	(British) The odometer of a motor vehicle.	(Anh) công tơ mét, đồng hồ đo quãng đường	ok
B1	clock	noun	A chronometer, an instrument that measures time, particularly the time of day.	đồng hồ	ok
B1	clock	noun	A large beetle, especially the European dung beetle (Geotrupes stercorarius).	bọ hung	ok
B1	clock	noun	A pattern near the heel of a sock or stocking.	hoạ tiết ở gót tất	ok
B1	clock	noun	The seed head of a dandelion.	cụm hạt bồ công anh	ok
B1	clock	verb	(transitive, informal) To notice; to take notice of (someone or something).	để ý, nhận ra	ok
B1	clock	verb	(transitive, slang) To hit (someone) heavily.	(thông tục) đấm, nện	ok
B1	clock	verb	(transitive) To measure the duration of.	bấm giờ, đo thời gian	ok
B1	clock	verb	(transitive) To measure the speed of.	đo tốc độ, bắn tốc độ	ok
B1	clock	verb	(transitive) To ornament (e.g. the side of a stocking) with figured work.	thêu hoạ tiết (trên tất)	ok
B1	coat	noun	(countable, clothing) An outer garment covering the upper torso and arms.	áo bành tô	nghĩa quá hẹp: "áo bành tô" là một kiểu áo khoác dài cụ thể, không phải áo khoác nói chung — nên là "áo khoác"
B1	coat	noun	(countable) A covering of material, such as paint.	lớp phủ	ok
B1	coat	noun	(countable) The fur or feathers covering an animal's skin.	bộ lông	ok
B1	coat	noun	The habit or vesture of an order of men, indicating the order or office; cloth.	phẩm phục, áo choàng (biểu thị chức vị)	ok
B1	coat	verb	(transitive) To cover like a coat.	phủ lên, bao phủ	ok
B1	coat	verb	(transitive) To cover with a coating of some material.	phủ, tráng	ok
B1	competition	noun	(countable) A contest for a prize or award.	cuộc thi	ok
B1	competition	noun	(uncountable, collectively) The competitors in such a contest.	các đối thủ cạnh tranh	ok
B1	competition	noun	(uncountable) The action of competing.	sự cạnh tranh	ok
B1	connection	noun	(uncountable) The act of connecting.	sự kết nối	ok
B1	connection	noun	A physical link between two things or places.	đường nối, mối nối	ok
B1	connection	noun	A relationship or association.	mối quan hệ, mối liên hệ	ok
B1	connection	noun	The point at which two or more things are connected.	điểm nối, chỗ nối	ok
B1	contract	noun	(bridge) The declarer's undertaking to win the number of tricks bid with a stated suit as trump.	(bài bridge) hợp đồng	ok
B1	contract	noun	(law) An agreement which the law will enforce in some way. A legally binding contract must contain at least one promise, i.e., a commitment or offer, by an offeror to and accepted by an offeree to do something in the future. A contract is thus executory rather than executed.	(luật) hợp đồng	ok
B1	contract	noun	(law) The document containing such an agreement.	(luật) văn bản hợp đồng	ok
B1	contract	noun	An agreement between two or more parties, to perform a specific job or work order, often temporary or of fixed duration and usually governed by a written agreement.	hợp đồng, hợp đồng làm việc	ok
B1	contract	verb	(ambitransitive) To draw together or nearer; to shorten, narrow, or lessen.	co lại, thu nhỏ lại	ok
B1	contract	verb	(intransitive) To make an agreement or contract; to covenant.	ký hợp đồng, giao kết hợp đồng	ok
B1	contract	verb	(transitive) To bring on; to incur; to acquire.	mắc phải, nhiễm phải	ok
B1	contract	verb	(transitive) To enter into a contract with (someone or something).	ký hợp đồng với, thuê	ok
B1	crash	adj	Quick, fast, intensive, impromptu.	cấp tốc, khẩn cấp	ok
B1	crash	noun	(collective) A group of rhinoceroses.	đàn tê giác	ok
B1	crash	noun	(computing) A malfunction of computer software or hardware which causes it to shut down or become partially or totally inoperable.	(tin học) sự treo máy, sự sập hệ thống	ok
B1	crash	noun	(textiles) A type of rough linen.	(dệt may) vải lanh thô	ok
B1	crash	noun	A sudden, intense, loud sound, as made for example by cymbals.	hét	sai từ loại và sai nghĩa: "hét" là động từ chỉ tiếng người kêu, đây là danh từ chỉ tiếng động — nên là "tiếng rầm, tiếng loảng xoảng"
B1	crash	noun	An automobile, airplane, or other vehicle accident.	sự đụng xe	nghĩa quá hẹp: bản gốc gồm cả máy bay và phương tiện khác — nên là "vụ tai nạn, vụ va chạm (xe, máy bay)"
B1	crash	verb	(intransitive) To collide with something destructively; to fall or come down violently.	đâm vào, va chạm mạnh, đổ sầm xuống	ok
B1	crash	verb	(transitive) To cause something to collide with something else, especially when this results in damage.	làm đâm vào, gây va chạm	ok
B1	crash	verb	(transitive) To hit or strike with force.	đập mạnh vào, va đập mạnh	ok
B1	crash	verb	To make a sudden loud noise.	phát ra tiếng động lớn, kêu rầm	ok
B1	damage	noun	(slang) Cost or expense.	(khẩu ngữ) chi phí, giá phải trả	ok
B1	damage	noun	Injury or harm; the condition or measure of something not being intact.	thiệt hại, hư hại	ok
B1	damage	verb	(transitive) To impair the soundness, goodness, or value of; to harm or cause destruction.	làm hư hại, gây thiệt hại	ok
B1	damage	verb	(transitive) To remove a damaged or unsalable item from the sales floor for processing.	(bán lẻ) loại hàng hỏng khỏi kệ	ok
B1	data	noun	(collective, computing) A representation of information in a computer (as symbols, quantities, sound, images or videos) which is stored, processed or transmitted in the form of electrical signals, records on magnetic tape or punched cards, etc.	dữ liệu	ok
B1	data	noun	(collective) Material recorded and known or assumed as facts and used as a basis for reasoning, discussion, or calculation, represented especially in the form of numbers, and is usually structured (such as statistics).	dữ liệu, số liệu	ok
B1	data	noun	(mobile telephony) Ellipsis of mobile data (“digital information transmitted using the cellular telephone network rather than Wi-Fi”).	dữ liệu	mất nhãn và không đúng nghĩa này: đây là dữ liệu mạng di động, không phải dữ liệu nói chung — nên là "(viễn thông) dữ liệu di động"
B1	defense	noun	(government, military, euphemistic) Government policy or (infra)structure related to the military.	(quân sự) quốc phòng	ok
B1	defense	noun	An argument in support or justification of something.	phản biện	sai nghĩa: "phản biện" là lập luận bác bỏ, ngược với nghĩa bênh vực/biện minh — nên là "lời biện hộ, sự biện minh"
B1	defense	noun	Anything employed to oppose attack(s).	phòng thủ	ok
B1	defense	noun	The action of defending or protecting from attack, danger, or injury.	sự phòng thủ, sự bảo vệ	ok
B1	defense	verb	(sports, chiefly US) To employ defensive tactics (so as to block).	(thể thao, Mỹ) phòng thủ, cản phá	ok
B1	delicious	adj	(colloquial, figurative) Pleasing to a person's taste; pleasing to the eyes or mind.	(khẩu ngữ) thú vị, hấp dẫn, tuyệt vời	ok
B1	delicious	adj	(slang) Having tremendous sex appeal.	(tiếng lóng) quyến rũ, gợi cảm	ok
B1	delicious	adj	Pleasing to the sense of taste; tasty.	ngon, ngon miệng	ok
B1	deliver	verb	(process) Senses having to do with birth.	sinh con, đỡ đẻ	ok
B1	deliver	verb	To bring or transport something to its destination.	chuyển phát	ok
B1	deliver	verb	To free from or disburden of anything.	giải thoát, giải phóng (khỏi gánh nặng)	ok
B1	deliver	verb	To set free from restraint or danger.	giải cứu, giải thoát	ok
B1	dig	noun	(medicine, colloquial) Digoxin.	(y học, khẩu ngữ) digoxin	ok
B1	dig	noun	(volleyball) A defensive pass of the ball that has been attacked by the opposing team.	(bóng chuyền) cú đỡ bóng, cú cứu bóng	ok
B1	dig	noun	A cutting, sarcastic remark.	lời châm chọc, lời mỉa mai	ok
B1	dig	noun	A thrust; a poke.	cú thúc, cú huých	ok
B1	dig	noun	An archeological or paleontological investigation, or the site where such an investigation is taking place.	cuộc khai quật, địa điểm khai quật	ok
B1	dig	verb	(figurative) To investigate, to research, often followed by out or up.	tìm hiểu, điều tra, lục lọi	ok
B1	dig	verb	(transitive, intransitive) To move hard-packed earth out of the way, especially downward to make a hole with a shovel. Or to drill, or the like, through rocks, roads, or the like. More generally, to make any similar hole by moving material out of the way.	đào	ok
B1	dig	verb	(transitive) To get by digging; to take from the ground; often with up.	đào lên, khai quật	ok
B1	dig	verb	To thrust; to poke.	thúc, huých, chọc	ok
B1	direction	noun	A general trend for future action.	xu hướng, định hướng	ok
B1	direction	noun	A theoretical line (physically or mentally) followed from a point of origin or towards a destination. May be relative (e.g. up, left, outbound, dorsal), geographical (e.g. north), rotational (e.g. clockwise), or with respect to an object or location (e.g. toward Boston).	phương hướng, hướng	ok
B1	direction	noun	Guidance, instruction.	sự hướng dẫn, chỉ dẫn	ok
B1	direction	noun	The work of the director in cinema or theater; the skill of directing a film, play etc.	sự đạo diễn	ok
B1	divorce	noun	(zoology) The separation of a bonded pair of animals.	(động vật học) sự chia tách cặp đôi	ok
B1	divorce	noun	A separation of connected things.	sự tách rời, sự chia tách	ok
B1	divorce	noun	The legal dissolution of a marriage.	ly hôn	ok
B1	divorce	verb	(intransitive) To obtain a legal divorce.	ly hôn, ly dị	ok
B1	divorce	verb	(transitive) To end one's own marriage to (a person) in this way.	ly hôn	ok
B1	divorce	verb	(transitive) To legally dissolve a marriage between two people.	ly hôn	ok
B1	divorce	verb	(transitive) To separate something that was connected.	tách rời, chia tách	ok
B1	downstairs	adj	Located on a lower floor.	ở tầng dưới	ok
B1	downstairs	adv	(figurative) In or to hell.	(nghĩa bóng) xuống địa ngục	ok
B1	downstairs	adv	(slang, euphemistic) Regarding the genitalia.	(tiếng lóng) vùng kín, chỗ ấy	sai từ loại: đây là trạng từ (adv), bản dịch lại là danh từ (trùng với dòng danh từ) — nên là "(tiếng lóng) ở vùng kín, ở phía dưới"
B1	downstairs	adv	Down the stairs.	xuống cầu thang, xuống tầng dưới	ok
B1	downstairs	noun	(slang, euphemistic) The genitalia.	(tiếng lóng) vùng kín, chỗ ấy	ok
B1	downstairs	noun	The lower floor of a house, at ground level, or sometimes below.	tầng dưới, tầng trệt	ok
B1	event	noun	A prearranged social activity (function, etc.)	sự kiện	ok
B1	event	noun	An end result; an outcome (now chiefly in phrases).	kết quả, kết cục	ok
B1	event	noun	An occurrence; something that happens.	sự kiện	ok
B1	event	noun	One of several contests that combine to make up a competition.	(thể thao) nội dung thi đấu	ok
B1	expensive	adj	(computing) Taking a lot of system time or resources.	(tin học) tốn nhiều tài nguyên	ok
B1	expensive	adj	(cricket) Having a high economy rate.	(cricket) tốn nhiều điểm	ok
B1	expensive	adj	Having a high price or cost.	đắt	ok
B1	familiar	adj	Acquainted.	quen thuộc, quen biết	ok
B1	familiar	adj	Intimate or friendly.	thân mật, thân thiết	ok
B1	familiar	adj	Known to one, or generally known; commonplace.	quen thuộc, thông dụng	ok
B1	familiar	adj	Of or pertaining to a family; familial.	thuộc về gia đình	ok
B1	familiar	noun	(historical) The officer of the Inquisition who arrested suspected people.	(lịch sử) mật vụ của Tòa án dị giáo	ok
B1	familiar	noun	(witchcraft) An attendant spirit, often in animal or demon form.	sứ ma	thiếu nhãn "(witchcraft)" và từ "sứ ma" không phải cách diễn đạt tự nhiên/chuẩn trong tiếng Việt cho "attendant spirit" — nên là "linh vật hầu cận" hoặc "yêu tinh hầu cận"
B1	familiar	noun	A member of a pope's or bishop's household.	người hầu cận của giáo hoàng hoặc giám mục	ok
B1	fancy	adj	(colloquial) Unnecessarily complicated.	(khẩu ngữ) cầu kỳ, rắc rối không cần thiết	ok
B1	fancy	adj	Decorative, or featuring decorations, especially intricate or diverse ones.	cầu kỳ, trang trí công phu	ok
B1	fancy	adj	Executed with skill.	điêu luyện, khéo léo	ok
B1	fancy	adj	Of a superior grade.	cao cấp, hảo hạng	ok
B1	fancy	adv	(nonstandard) In a fancy manner; fancily.	(không chuẩn) một cách cầu kỳ	ok
B1	fancy	noun	A whim.	ý thích nhất thời	ok
B1	fancy	noun	An image or representation of anything formed in the mind.	sự hình dung, hình ảnh trong tâm trí	ok
B1	fancy	noun	An opinion or notion formed without much reflection.	ý nghĩ thoáng qua	ok
B1	fancy	noun	The imagination.	trí tưởng tượng	ok
B1	fancy	verb	(British) Would like; have a desire for.	(Anh) thích, muốn	ok
B1	fancy	verb	(formal) To appreciate without jealousy or greed.	(trang trọng) trân trọng, quý mến	ok
B1	fancy	verb	To form a conception of; to portray in the mind.	hình dung, tưởng tượng	ok
B1	fancy	verb	To have a fancy for; to like; to be pleased with, particularly on account of external appearance or manners.	thích, ưa thích	ok
B1	farm	noun	(countable, often in combination) A location used for an industrial purpose, having many similar structures.	trại (trong từ ghép, vd: trại gió)	ok
B1	farm	noun	(countable) A place where agricultural and similar activities take place, especially the growing of crops or the raising of livestock.	trang trại, nông trại	ok
B1	farm	noun	(countable) A tract of land held on lease for the purpose of cultivation.	đất canh tác cho thuê	ok
B1	farm	noun	(historical) A fixed yearly sum accepted from a person as a composition for taxes or other moneys which he is empowered to collect; also, a fixed charge imposed on a town, county, etc., in respect of a tax or taxes to be collected within its limits.	(lịch sử) khoản thuế khoán	ok
B1	farm	verb	(intransitive) To work on a farm, especially in the growing and harvesting of crops.	làm nông, làm ruộng	ok
B1	farm	verb	(transitive) To devote (land) to farming.	canh tác, trồng trọt	ok
B1	farm	verb	(transitive) To grow (a particular crop).	trồng	ok
B1	farm	verb	(UK, dialectal) To cleanse; clean out; put in order; empty; empty out	(phương ngữ Anh) dọn sạch, làm trống	ok
B1	farm	verb	To give up to another, as an estate, a business, the revenue, etc., on condition of receiving in return a percentage of what it yields; to farm out.	giao khoán, cho thuê	ok
B1	football	noun	(countable) The ball used in any game called "football".	quả bóng đá	ok
B1	football	noun	(UK, Africa, Caribbean, South Asia, uncountable) Association football, also called soccer: a game in which two teams each contend to get a round ball into the other team's goal primarily by kicking the ball.	bóng đá	mất nhãn vùng miền "(UK, Africa, Caribbean, South Asia)" — gloss chỉ ghi "bóng đá" như nghĩa chung, không cho biết đây là cách dùng theo vùng (đối lập với nghĩa Mỹ ở dòng khác)
B1	football	noun	(US, uncountable) American football: a game played on a field 100 yards long and 53 1/3 yards wide in which two teams of 11 players attempt to get an ovoid ball to the end of each other's territory.	(Mỹ) bóng bầu dục Mỹ	ok
B1	football	noun	A sport played on foot in which teams attempt to get a ball into a goal or zone defended by the other team.	bóng đá	nghĩa này là định nghĩa khái quát cho mọi loại "football" (bóng bầu dục, bóng đá Úc, v.v.), không riêng bóng đá — dịch "bóng đá" trùng với nghĩa bóng đá (soccer) ở dòng khác gây nhầm là đồng nghĩa
B1	foreign	adj	Located outside a country or place, especially one's own.	ở nước ngoài, ngoại quốc	ok
B1	foreign	adj	Not characteristic of or naturally taken in by an organism or system.	lạ, dị	ok
B1	foreign	adj	Originating from, characteristic of, belonging to, or being a citizen of a country or place other than the one under discussion.	nước ngoài, ngoại quốc	ok
B1	foreign	adj	Relating to a different nation.	đối ngoại, thuộc về nước ngoài	ok
B1	foreign	noun	A foreign area, particularly:	nước ngoài	ok
B1	foreign	noun	A foreign person, particularly:	người nước ngoài, người ngoại quốc	ok
B1	foreign	noun	A foreign vehicle, particularly:	xe nước ngoài	ok
B1	foreign	noun	Short for various phrases, including foreign language, foreign parts, and foreign service.	ngoại ngữ	ok
B1	fortune	noun	A prediction or set of predictions about a person's future provided by a fortune teller.	lời tiên đoán, vận mệnh	ok
B1	fortune	noun	A small slip of paper with wise or vaguely prophetic words printed on it, baked into a fortune cookie.	giấy xăm (trong bánh quy may mắn)	ok
B1	fortune	noun	Destiny, especially favorable.	vận may, số phận	ok
B1	fortune	noun	The arrival of something in a sudden or unexpected manner; chance; accident.	sự may rủi, ngẫu nhiên	ok
B1	fortune	verb	To provide (someone) with a fortune.	ban cho của cải, ban cho vận may	ok
B1	fortune	verb	To tell the fortune of (someone); to presage.	bói, đoán vận mệnh	ok
B1	funeral	adj	(uncommon) Alternative spelling of funereal.	(hiếm) thuộc về tang lễ, ảm đạm	ok
B1	funeral	noun	A ceremony to honor and remember a deceased person, often distinguished from a memorial service by the presence of the body of the deceased.	đám tang, lễ tang	ok
B1	gate	noun	(now Scotland, Northern England) A way, path.	(Scotland, Bắc Anh) lối đi, con đường	ok
B1	gate	noun	(Scotland, Northern England) A street; now used especially as a combining form to make the name of a street e.g. "Briggate" (a common street name in the north of England meaning "Bridge Street") or Kirkgate meaning "Church Street".	(Scotland, Bắc Anh) phố, đường phố	ok
B1	gate	noun	A doorlike structure outside a house.	cổng	ok
B1	gate	noun	A doorway, opening, or passage in a fence or wall.	cổng	ok
B1	gate	noun	A movable barrier.	cổng, rào chắn	ok
B1	gate	noun	A passageway (as in an air terminal) where passengers can embark or disembark.	cổng (sân bay)	ok
B1	gate	verb	(transitive) To furnish with a gate.	lắp cổng	ok
B1	gate	verb	(transitive) To keep something inside by means of a closed gate.	nhốt lại bằng cổng	ok
B1	gate	verb	(transitive) To selectively regulate or restrict (access to something).	(kỹ thuật) hạn chế, kiểm soát quyền truy cập	ok
B1	gate	verb	(transitive) To turn (an image intensifier) on and off selectively, as needed or to avoid damage from excessive light exposure. See autogating.	(kỹ thuật) bật tắt có chọn lọc	ok
B1	genius	adj	(informal) Ingenious, brilliant, very clever, or original.	(khẩu ngữ) đỉnh, cực kỳ thông minh	ok
B1	genius	noun	(countable, Roman mythology, also figuratively) The tutelary deity or spirit of a place or person.	(thần thoại La Mã) vị thần hộ mệnh	ok
B1	genius	noun	(countable) Someone possessing extraordinary intelligence or skill; especially somebody who has demonstrated this by a creative or original work in science, music, art, etc.	thiên tài	ok
B1	genius	noun	(uncountable) Extraordinary mental capacity.	thiên tài	ok
B1	genius	noun	(uncountable) Inspiration, a mental leap, an extraordinary creative process.	cảm hứng sáng tạo, tài năng thiên bẩm	ok
B1	giant	adj	Very large.	khổng lồ	ok
B1	giant	noun	A mythical human or humanoid of very great size.	người khổng lồ	ok
B1	giant	noun	A tall species of a particular animal or plant.	giống khổng lồ	ok
B1	giant	noun	A very large organization.	tập đoàn lớn, gã khổng lồ	ok
B1	giant	noun	A very tall and large person.	người khổng lồ	ok
B1	golden	adj	Having a color or other richness suggestive of gold.	vàng óng, vàng kim	ok
B1	golden	adj	Made of, or relating to, gold.	bằng vàng	ok
B1	golden	adj	Marked by prosperity, creativity etc.	hoàng kim, thịnh vượng	ok
B1	golden	adj	Of a beverage, flavoured or colored with turmeric.	pha nghệ, màu nghệ	ok
B1	golden	noun	Ellipsis of golden retriever.	chó golden	ok
B1	golden	noun	Kyphosus vaigiensis, a fish found in southeast Asia.		
B1	golden	verb	(intransitive) To become gold or golden (in color).	trở nên vàng óng	ok
B1	golden	verb	(transitive) To make golden or like gold.	làm cho vàng óng	ok
B1	goodness	noun	(Christianity) The moral qualities which constitute Christian excellence; moral virtue.	(Cơ Đốc giáo) đức hạnh	ok
B1	goodness	noun	(countable) The good, nutritional, healthy part or content of something.	chất bổ, phần tinh túy	ok
B1	goodness	noun	(uncountable, euphemistic) God.	(uyển ngữ) Trời	ok
B1	goodness	noun	(uncountable) The state or characteristic of being good.	lòng tốt	ok
B1	goodness	phrase	Clipping of goodness me or various similar exclamations such as goodness gracious.	trời ơi, chao ôi	ok
B1	gosh	phrase	(minced oath, euphemistic) A mild expression of surprise or enthusiasm.	(uyển ngữ) trời ơi, chà	ok
B1	grandfather	noun	(by extension) A male forefather.	tổ tiên, ông tổ	ok
B1	grandfather	noun	(computing) The archived older version of a file that immediately preceded the father file.	(tin học) bản sao lưu cũ nhất	ok
B1	grandfather	noun	A father of someone's parent.	ông nội, ông ngoại	ok
B1	grandfather	verb	(transitive, chiefly US, law) To retain discontinued laws or rules for (an object, individual or organization previously affected by them).	(luật, Mỹ) miễn áp dụng quy định mới cho	ok
B1	grandfather	verb	(transitive) To be, or act as, a grandfather to.	làm ông (nội/ngoại) của	ok
B1	grant	noun	The act of granting or giving	sự cấp, sự ban cho	ok
B1	grant	noun	The deed or writing by which such a transfer is made.	văn bản chuyển nhượng, giấy chuyển nhượng	ok
B1	grant	noun	The thing or property granted; a gift; a boon.	tiền trợ cấp	sai/hẹp nghĩa: định nghĩa tiếng Anh là "vật hoặc tài sản được cấp; món quà" nói chung, không giới hạn ở tiền — "tiền trợ cấp" thu hẹp thành khoản tiền cụ thể
B1	grant	noun	The yielding or admission of something in dispute.	sự thừa nhận, sự nhượng bộ	ok
B1	grant	verb	(ditransitive) To give (bestow upon or confer, particularly in answer to prayer or request).	ban cho, cấp cho	ok
B1	grant	verb	(ditransitive) To give (permission or wish).	cho phép, chấp thuận	ok
B1	grant	verb	(intransitive) To assent; to consent.	đồng ý, ưng thuận	ok
B1	grant	verb	(transitive) To agree with (someone) on (something); to accept (something) for the sake of argument; to admit to (someone) that (something) is true.	thừa nhận, công nhận	ok
B1	grave	adj	Characterised by a dignified sense of seriousness; not cheerful.	nghiêm trang, trang nghiêm	ok
B1	grave	adj	Low in pitch, tone etc.	trầm	ok
B1	grave	adj	Serious, in a negative sense; important, formidable.	nghiêm trọng	ok
B1	grave	noun	(historical) A count, prefect, or person holding office.	(lịch sử) bá tước	ok
B1	grave	noun	(loosely) Any place of interment.	mộ, nơi chôn cất	ok
B1	grave	noun	(strictly) An excavation in the earth as a place of burial.	huyệt mộ	ok
B1	grave	noun	(uncountable, by extension) Death, destruction.	cái chết	ok
B1	grave	noun	(very loosely) Any place containing one or more corpses.	nghĩa địa, mộ phần	ok
B1	grave	noun	A grave accent, the diacritic mark `.	dấu huyền	ok
B1	hill	noun	(US) A heap of earth surrounding a plant.	(Mỹ) mô đất vun quanh gốc cây	ok
B1	hill	noun	(US) A single cluster or group of plants growing close together, and having the earth heaped up about them.	(Mỹ) khóm cây được vun đất	ok
B1	hill	noun	A sloping road.	con dốc, đường dốc	ok
B1	hill	noun	An elevated landmass smaller than a mountain.	đồi	ok
B1	hill	verb	To form into a heap or mound.	vun thành đống, đắp thành gò	ok
B1	hill	verb	To heap or draw earth around plants.	vun đất quanh gốc cây	ok
B1	horn	noun	(countable, zootomy) A hard growth of keratin that protrudes from the top of the head of certain animals, usually paired.	sừng	"thiếu nhãn — tiếng Anh có nhãn chuyên ngành ""(zootomy)"" (giải phẫu động vật) nhưng bản dịch ""sừng"" không mang nhãn nào, trong khi các dòng khác trong bảng đều giữ nhãn tương ứng (vd. ""(historical)"" -> ""(lịch sử)"")"
B1	horn	noun	(uncountable) The hard substance from which animals' horns are made, sometimes used by man as a material for making various objects.	chất sừng	ok
B1	horn	noun	An antler.	gạc, sừng hươu	ok
B1	horn	noun	Any similar real or imaginary growth or projection such as the elongated tusk of a narwhal, the eyestalk of a snail, the pointed growth on the nose of a rhinoceros, or the hornlike projection on the head of a demon or similar.	vật lồi giống sừng	ok
B1	horn	verb	(intransitive, Singapore, India) To sound the horn of a motor vehicle; to honk.	(Singapore, Ấn Độ) bấm còi	ok
B1	horn	verb	(transitive, of an animal) To assault with the horns.	húc bằng sừng	ok
B1	horn	verb	(transitive) To furnish with horns.	gắn sừng cho, lắp sừng vào	ok
B1	ill	adj	Indicative of unkind or malevolent intentions; harsh, cruel.	ác ý, hiểm độc	ok
B1	ill	adj	Nauseated; having an urge to vomit.	buồn nôn	ok
B1	ill	adj	Unpropitious, unkind, faulty, not up to reasonable standard.	tồi, kém, không thuận lợi	ok
B1	ill	adj	Unwell in terms of health or physical condition; sick.	ốm, bệnh, không khỏe	ok
B1	ill	adv	Not well; imperfectly, badly	kém, không tốt	ok
B1	ill	noun	(often pluralized) Trouble; distress; misfortune; adversity.	điều bất hạnh, tai ương	ok
B1	ill	noun	A physical ailment; an illness.	bệnh tật, ốm đau	ok
B1	ill	noun	Evil; moral wrongfulness.	cái ác, điều xấu xa	ok
B1	ill	noun	Harm or injury.	sự tổn hại	ok
B1	image	noun	A characteristic of a person, group or company etc., style, manner of dress, how one is or wishes to be perceived by others.	hình ảnh (danh tiếng, ấn tượng công chúng)	ok
B1	image	noun	A mental picture of something not real or not present.	hình ảnh trong tâm trí, sự hình dung	ok
B1	image	noun	A statue or idol.	tượng, tượng thờ	ok
B1	image	noun	A visual or other representation of the external form of something in art.	hình ảnh, bức vẽ	ok
B1	image	verb	(transitive, computing) To create a complete backup copy of a file system or other entity.	(tin học) tạo bản sao lưu (ảnh đĩa)	ok
B1	image	verb	(transitive) To create an image of.	tạo hình ảnh của, ghi hình	ok
B1	image	verb	(transitive) To reflect, mirror.	phản chiếu, phản ánh	ok
B1	image	verb	(transitive) To represent by an image or symbol; to portray.	khắc họa, miêu tả bằng hình ảnh	ok
B1	insurance	noun	(blackjack) A bet made after the deal, which pays off if the dealer has blackjack.	(blackjack) cược bảo hiểm	ok
B1	insurance	noun	(figurative) Any attempt to forestall an unfavorable event.	(nghĩa bóng) biện pháp phòng ngừa, sự bảo đảm	ok
B1	insurance	noun	A means of indemnity against a future occurrence of an uncertain event.	sự bảo hiểm	ok
B1	insurance	noun	The business of providing insurance.	ngành bảo hiểm	ok
B1	invite	noun	(informal) An invitation.	(khẩu ngữ) lời mời, giấy mời	ok
B1	invite	verb	(transitive) To allure; to draw to; to tempt to come; to induce by pleasure or hope; to attract.	thu hút, lôi cuốn, hấp dẫn	ok
B1	invite	verb	(transitive) To ask for the presence or participation of someone or something.	mời	ok
B1	invite	verb	(transitive) To encourage.	khuyến khích, mời gọi	ok
B1	invite	verb	(transitive) To request formally.	mời chính thức, yêu cầu	ok
B1	jacket	noun	A piece of a person's suit, beside trousers and, sometimes, waistcoat; coat (US)	áo tây	ok
B1	jacket	noun	A piece of clothing worn on the upper body outside a shirt or blouse, often waist length to thigh length.	áo vét tông	ok
B1	jacket	noun	A protective or insulating cover for an object (e.g. a book, hot water tank, bullet.)	vỏ bọc, áo bọc (bảo vệ, cách nhiệt)	ok
B1	jacket	noun	The tough outer skin of a baked potato.	vỏ khoai tây nướng	ok
B1	jacket	verb	(transitive) To enclose or encase in a jacket or other covering.	bọc, phủ lớp vỏ bọc	ok
B1	jacket	verb	To confine (someone) to a straitjacket.	mặc áo trói cho, trói bằng áo bó	ok
B1	journey	noun	(African-American Vernacular, 1700s) Life on Earth.	(phương ngữ Mỹ gốc Phi, cổ) cuộc đời, kiếp người	ok
B1	journey	noun	(figurative) Any process or progression likened to a journey, especially one that involves difficulties or personal development.	(nghĩa bóng) hành trình, quá trình trải nghiệm	ok
B1	journey	noun	(glassblowing) The total time spent melting and working one piece.	(nghề thổi thủy tinh) thời gian hoàn thành một sản phẩm	ok
B1	journey	noun	A set amount of travelling, seen as a single unit; a discrete trip, a voyage.	cuộc hành trình	ok
B1	journey	noun	The weight of finished coins delivered at one time to the Master of the Mint.		
B1	journey	verb	To travel, to make a trip or voyage.	đi, du hành	ok
B1	jury	adj	(nautical) For temporary use; applied to a temporary contrivance.	(hàng hải) tạm, chắp vá tạm thời	ok
B1	jury	noun	(law) A group of individuals chosen from the general population to hear and decide a case in a court of law.	(luật) bồi thẩm đoàn	ok
B1	jury	noun	(theater, slang) The audience attending the first night of a performance, whose reaction may determine whether it succeeds or fails.	(sân khấu, khẩu ngữ) khán giả đêm diễn đầu tiên	ok
B1	jury	noun	A group of judges in a competition.	ban giám khảo	ok
B1	jury	verb	To judge by means of a jury.	xét xử bằng bồi thẩm đoàn	ok
B1	knowledge	noun	Awareness of a particular fact or situation; a state of having been informed or made aware of something.	sự biết, sự nhận biết	ok
B1	knowledge	noun	Familiarity or understanding of a particular skill, branch of learning etc.	kiến thức, sự am hiểu	ok
B1	knowledge	noun	Intellectual understanding; the state of appreciating truth or information.	tri thức, sự hiểu biết	ok
B1	knowledge	noun	The fact of knowing about something; general understanding or familiarity with a subject, place, situation etc.	sự hiểu biết, sự am hiểu	ok
B1	legal	adj	Being established, permitted, required or prescribed by law.	hợp pháp	ok
B1	legal	adj	Following the rules or syntax of a system, such as a game or a programming language.	hợp lệ	ok
B1	legal	adj	Having its basis in the law.	thuộc về pháp luật, pháp lý	ok
B1	legal	adj	Relating to the law or to lawyers.	luật	"sai từ loại — ""luật"" là danh từ (nghĩa ""pháp luật""), không phải tính từ; nghĩa ""relating to the law or to lawyers"" cần một tính từ/cụm tính từ như ""pháp lý"" hoặc ""thuộc lĩnh vực luật"""
B1	legal	noun	(countable, informal, US) One who immigrated lawfully.	(khẩu ngữ, Mỹ) người nhập cư hợp pháp	ok
B1	legal	noun	(countable) A spy who is attached to, and ostensibly employed by, an embassy, military outpost, etc.	điệp viên hợp pháp	ok
B1	legal	noun	(uncountable, Canada, US) Of paper or document layouts, measuring 8+¹⁄₂ × 14 inches (216 × 356 mm).	(Canada, Mỹ) khổ giấy Legal (216 × 356 mm)	ok
B1	legal	noun	(uncountable, informal) The legal department of a company or organization.	(khẩu ngữ) phòng pháp lý, bộ phận pháp chế	ok
B1	lesson	noun	A learning task assigned to a student; homework.	bài tập về nhà	ok
B1	lesson	noun	A section of learning or teaching into which a wider learning content is divided.	bài	ok
B1	lesson	noun	Something learned or to be learned.	bài học	ok
B1	lesson	noun	Something that serves as a warning or encouragement.	bài học	ok
B1	lesson	verb	To give a lesson to; to teach.	dạy, dạy bảo	ok
B1	liar	noun	Someone who tells a lie; especially, a person who frequently lies.	kẻ nói dối, người nói dối	ok
B1	location	noun	(Kenya) An administrative region in Kenya, below counties and subcounties, and further divided into sublocations.	(Kenya) đơn vị hành chính cấp cơ sở	ok
B1	location	noun	(South Africa) An apartheid-era urban area populated by non-white people; a township.	(Nam Phi) khu định cư dành cho người da màu (thời apartheid)	ok
B1	location	noun	A particular point or place in physical space.	vị trí	ok
B1	location	noun	An act of locating.	sự định vị, sự xác định vị trí	ok
B1	loss	noun	(countable) Defeat; an instance of being defeated.	trận thua, thất bại	ok
B1	loss	noun	(countable) Something that has been destroyed or ruined.	tổn thất, thiệt hại	ok
B1	loss	noun	(countable) The result of no longer possessing an object, a function, or a characteristic due to external causes or misplacement.	sự mất, sự mất mát	ok
B1	loss	noun	(uncountable) The destruction or ruin of an object.	sự phá hủy, sự hủy hoại	ok
B1	loss	verb	(colloquial) Alternative spelling of lost.	(không chuẩn) đánh mất, làm mất	ok
B1	madame	noun	Alternative form of madam.	bà, quý bà	ok
B1	manage	noun	(equestrianism) Manège.	(cưỡi ngựa) trường huấn luyện ngựa	ok
B1	manage	verb	(intransitive) To succeed at an attempt in spite of difficulty. [with infinitive]	xoay xở làm được, cố làm được	ok
B1	manage	verb	(transitive) To direct or be in charge of.	quản lý, điều hành	ok
B1	manage	verb	(transitive) To handle or control (a situation, job).	xử lý, giải quyết	ok
B1	manage	verb	(transitive) To handle with skill, wield (a tool, weapon etc.).	sử dụng thành thạo, điều khiển	ok
B1	map	noun	(entomology) Any of various nymphalid butterflies of the genera Araschnia (especially, Araschnia levana) and Cyrestis, having map-like markings on the wings.	bướm bản đồ	ok
B1	map	noun	(mathematics) A function, especially a function satisfying a certain property (e.g. continuity, linearity, etc.; see Usage notes).	ánh xạ	ok
B1	map	noun	A graphical or logical representation of any structure or system, showing the positions of or relationships between its components.	bản đồ, sơ đồ	ok
B1	map	noun	A visual representation of an area, whether real or imaginary, showing the relative positions of places and other features.	bản đồ	ok
B1	map	verb	(intransitive, followed by a "to" phrase) To have a direct relationship; to correspond.	tương ứng (với)	ok
B1	map	verb	(transitive, followed by a "to" phrase) To create a direct relationship to; to create a correspondence with.	ánh xạ (tới)	ok
B1	map	verb	(transitive) To create a map of; to examine or survey in order to gather information for a map.	lập bản đồ, khảo sát vẽ bản đồ	ok
B1	map	verb	(transitive) To represent by means of a map.	thể hiện trên bản đồ, biểu diễn bằng bản đồ	ok
B1	matt	adj	(chiefly British spelling) Alternative spelling of matte.	(Anh) mờ, không bóng	ok
B1	matt	noun	(film) Alternative spelling of matte (“background, often painted or created with computers”).	(điện ảnh) phông nền kỹ xảo (matte)	ok
B1	matt	noun	Alternative form of matte (“instrument for producing a dull, lustreless surface”).	dụng cụ làm mờ bề mặt	ok
B1	matt	noun	Alternative spelling of mat (“an alloy in coppersmithing”).	(luyện kim) matte đồng	ok
B1	matt	verb	Alternative form of matte (“to produce a dull, lustreless surface on metal”).	làm mờ (bề mặt kim loại)	ok
B1	meal	noun	(countable) Food served or eaten as a repast.	bữa ăn	ok
B1	meal	noun	(countable) Food that is prepared and eaten, usually at a specific time, and usually in a comparatively large quantity.	bữa	ok
B1	meal	noun	(UK dialectal) A speck or spot.	(phương ngữ Anh) đốm, chấm	ok
B1	meal	noun	(uncountable, informal) A break taken by a police officer in order to eat.	(khẩu ngữ) giờ nghỉ ăn	ok
B1	meal	noun	A part; a fragment; a portion.	phần, mẩu nhỏ	ok
B1	meal	noun	Any of various other granular or powdery materials, either ground by humans or occurring in nature, named figuratively after a resemblance to grain meal.	bột (hạt xay)	ok
B1	meal	noun	Any of various similarly granular materials prepared from other sources, such as bones or wood.	bột (xương, gỗ...)	ok
B1	meal	noun	The ground-up edible part of various grains, used as a basis of food or feed; either flour or a coarser blend than flour (usage varies).	bột (ngũ cốc), bột thô	ok
B1	meal	verb	(transitive) To defile or taint.	làm ô uế, làm nhơ bẩn	ok
B1	mood	noun	(grammar) A verb form that depends on how its containing clause relates to the speaker’s or writer’s wish, intent, or assertion about reality.	(ngữ pháp) thức	ok
B1	mood	noun	A disposition to do something, a state of mind receptive or disposed to do something.	tâm trạng muốn làm gì, hứng thú	ok
B1	mood	noun	A mental or emotional state, composure.	tâm trạng	ok
B1	mood	noun	A sullen, gloomy or angry mental state; a bad mood.	tâm trạng	sai nghĩa: đây là nghĩa "tâm trạng xấu, cáu kỉnh, u ám" (a bad mood), nhưng "tâm trạng" lại giống hệt bản dịch ở nghĩa chung chung khác của "mood" (A mental or emotional state) — không thể hiện được sắc thái tiêu cực của nghĩa này, nên là "tâm trạng khó chịu/cáu kỉnh"
B1	mood	noun	Emotional character (of a work of music, literature, or other art).	không khí, sắc thái	ok
B1	mood	phrase	(slang) Used to express that the speaker finds something very relatable.	(khẩu ngữ) đúng là cảm giác đó, quá đồng cảm	ok
B1	obvious	adj	Easily discovered, seen, or understood; self-explanatory.	rõ ràng, hiển nhiên	ok
B1	ocean	noun	(countable) One of the large bodies of water separating the continents.	đại dương	ok
B1	ocean	noun	(figuratively) An immense expanse; any vast space or quantity without apparent limits.	(nghĩa bóng) biển cả, khối lượng mênh mông	ok
B1	ocean	noun	(uncountable) Water belonging to an ocean.	nước biển	ok
B1	ocean	noun	A blue colour, like that of the ocean (also called ocean blue).	màu xanh đại dương	ok
B1	odd	adj	(not comparable) Left over or remaining (as a small amount) after counting, payment, etc.	lẻ, dư ra	ok
B1	odd	adj	(not comparable) Left over, remaining after the rest have been paired or grouped.	lẻ, còn thừa	ok
B1	odd	adj	(not comparable) Without a corresponding mate in a pair or set; unmatched; (of a pair or set) mismatched.	lẻ, không thành đôi, không khớp	ok
B1	odd	adj	Differing from what is usual, ordinary or expected.	kỳ lạ, khác thường	ok
B1	odd	noun	(informal) Something left over, not forming part of a set.	(khẩu ngữ) vật lẻ, phần thừa ra	ok
B1	odd	noun	(mathematics, diminutive) An odd number.	(toán học) số lẻ	ok
B1	official	adj	Approved by authority; authorized.	chính thức	ok
B1	official	adj	Derived from the proper office or officer, or the appropriate authority; made or communicated by authority	chính thức	ok
B1	official	adj	Discharging an office or function.	đang thi hành công vụ, đang tại chức	ok
B1	official	adj	Of or about an office or public trust.	thuộc về chức vụ, thuộc về công vụ	ok
B1	official	noun	An office holder, a person holding an official position in government, sports, or other organization.	quan chức, viên chức	ok
B1	page	noun	(British) A youth employed for doing errands, waiting on the door, and similar service in households.	(Anh) tiểu đồng, người hầu trẻ tuổi	ok
B1	page	noun	(figurative) A collective memory; noteworthy event; memorable episode.	(nghĩa bóng) trang sử, giai đoạn đáng nhớ	ok
B1	page	noun	(historical) A serving boy; a youth attending a person of high degree, especially at courts, often as a position of honor and education.	(lịch sử) thị đồng, tiểu đồng	ok
B1	page	noun	(in libraries) An employee whose main purpose is to replace materials that have either been checked out or otherwise moved, back to their shelves.	nhân viên xếp sách	ok
B1	page	noun	(typography) The type set up for printing a page.	(in ấn) bản in trang	ok
B1	page	noun	(US, Canada) A boy or girl employed to wait upon the members of a legislative body.	(Mỹ, Canada) người phục vụ nghị viện trẻ tuổi	ok
B1	page	noun	One of the many pieces of paper bound together within a book or similar document.	trang giấy, tờ giấy	ok
B1	page	noun	One side of a paper leaf in a bound document.	trang (sách)	ok
B1	page	verb	(intransitive, often with “through”) To turn several pages of a publication.	lật trang, giở trang	ok
B1	page	verb	(transitive) To attend (someone) as a page.	hầu hạ (như tiểu đồng)	ok
B1	page	verb	(transitive) To call (somebody) using a public address system to find them.	gọi loa tìm, nhắn tìm	ok
B1	page	verb	(transitive) To furnish with folios.	đánh số trang, đánh số tờ	ok
B1	page	verb	(transitive) To mark or number the pages of, as a book or manuscript.	đánh số trang	ok
B1	pair	noun	A couple of working animals attached to work together, as by a yoke.	đôi gia súc kéo cùng ách	ok
B1	pair	noun	Two alike or identical things taken together; often followed by of.	đôi, cặp	ok
B1	pair	noun	Two people in a relationship, partnership or friendship.	cặp	ok
B1	pair	noun	Used with binary nouns (often in the plural to indicate multiple instances, since such nouns are plural only, except in some technical contexts).	cái, chiếc	ok
B1	pair	verb	(intransitive) To come together for mating.	giao phối, kết đôi	ok
B1	pair	verb	(intransitive) To suit; to fit, as a counterpart.	hợp nhau, khớp với nhau	ok
B1	pair	verb	(transitive) To bring two (animals, notably dogs) together for mating.	cho giao phối, phối giống	ok
B1	pair	verb	(transitive) To group into one or more sets of two.	ghép đôi, xếp thành cặp	ok
B1	particular	adj	(comparable) Of a person, concerned with, or attentive to, details; fastidious.	kỹ tính, khó tính	ok
B1	particular	adj	Distinguished in some way; special (often in negative constructions).	đặc biệt	ok
B1	particular	adj	Specialised; characteristic of a specific person or thing.	riêng, đặc trưng	ok
B1	particular	adj	Specific; discrete; concrete.	cụ thể, riêng biệt	ok
B1	particular	noun	(now philosophy, chiefly in plural) A particular case; an individual thing as opposed to a whole class. (Opposed to generals, universals.)	(triết học) cái riêng, sự vật cụ thể	ok
B1	particular	noun	A small individual part of something larger; a detail, a point.	chi tiết	ok
B1	period	adj	Designating anything from a given historical era.	thuộc về một thời kỳ lịch sử	ok
B1	period	adj	Evoking, or appropriate for, a particular historical period, especially through the use of elaborate costumes and scenery.	cổ trang	ok
B1	period	adj	Menstrual.	(thuộc) kỳ kinh nguyệt	ok
B1	period	noun	(figurative) A decisive end to something; a stop.	sự kết thúc dứt khoát, dấu chấm hết	ok
B1	period	noun	(now chiefly Canada, US, Philippines) The punctuation mark “.” (indicating the ending of a sentence or marking an abbreviation).	(Mỹ, Canada) dấu chấm câu	ok
B1	period	noun	A length of time in history seen as a single coherent entity; an epoch, era.	thời kỳ, giai đoạn, kỷ nguyên	ok
B1	period	noun	A length of time.	khoảng thời gian, giai đoạn	ok
B1	period	phrase	(chiefly Canada, US) That's final; that's the end of the matter (analogous to a period ending a sentence); end of story.	(Mỹ, khẩu ngữ) chấm hết, thế thôi	ok
B1	period	verb	(colloquial) To menstruate; to excrete menstrual blood.	(khẩu ngữ) có kinh nguyệt, hành kinh	ok
B1	permission	noun	(computing) Flags or access control lists pertaining to a file that dictate who can access it, and how.	(tin học) quyền truy cập (tệp)	ok
B1	permission	noun	authorisation; consent (especially formal consent from someone in authority)	sự cho phép	ok
B1	permission	noun	The act of permitting.	sự cho phép	ok
B1	permission	verb	(transitive) To grant or obtain authorization for.	cấp quyền, cho phép	ok
B1	pity	noun	(countable, now singular only) Something regrettable.	điều đáng tiếc	ok
B1	pity	noun	(uncountable) A feeling of sympathy at the misfortune or suffering of someone or something.	lòng thương hại, sự thương cảm	ok
B1	pity	noun	(uncountable) Feeling of contempt one has for someone who is hopelessly inferior.	sự khinh miệt, sự coi thường	ok
B1	pity	phrase	Ellipsis of what a pity.	(khẩu ngữ) tiếc quá, thật đáng tiếc	ok
B1	pity	verb	(transitive, now regional) To make (someone) feel pity; to provoke the sympathy or compassion of.	(phương ngữ) khiến động lòng thương	ok
B1	pity	verb	(transitive) To feel contempt for someone who is hopelessly inferior.	khinh miệt, coi thường	ok
B1	pity	verb	(transitive) To feel pity for (someone or something).	tội nghiệp	nghi ngờ sai từ loại: "tội nghiệp" trong tiếng Việt chủ yếu dùng như tính từ/thán từ ("đáng thương", "Tội nghiệp quá!"), ít dùng như động từ ngoại động để dịch "to feel pity for" — có thể nên là "thương hại, thương xót"
B1	pizza	noun	(countable) A single instance of this dish.	chiếc pizza, phần pizza	ok
B1	pizza	noun	(skiing, skating) snowplow: a maneuver in which the tips of the skis or skates point inwards and the back ends point outwards.	(trượt tuyết) tư thế cày tuyết (chữ V)	thiếu nhãn: tiếng Anh áp dụng cho cả "skiing, skating" nhưng bản dịch chỉ nêu "(trượt tuyết)", bỏ mất ngữ cảnh "trượt băng"
B1	pizza	noun	(uncountable) A baked Italian dish of a thinly rolled bread crust typically topped before baking with tomato sauce, cheese, and other ingredients such as meat or vegetables.	bánh pizza	ok
B1	plant	noun	(Australia) The equipment and work animals of a drover or other rural worker travelling through the countryside.	(Úc) đồ nghề và súc vật của người chăn gia súc du mục	ok
B1	plant	noun	(countable) A factory or other industrial or institutional building or facility.	nhà máy, xí nghiệp	ok
B1	plant	noun	(proscribed as biologically inaccurate) Any creature that grows on soil or similar surfaces, including plants and fungi.	(không chuẩn) cây, thực vật	ok
B1	plant	noun	(uncountable) Machinery and other supplies and equipment, such as the kind used in heavy industry, light industry, earthmoving, or construction.	máy móc, thiết bị (công nghiệp)	ok
B1	plant	verb	(ambitransitive) To place (a seed or plant) in soil or other substrate in order that it may live and grow.	trồng, gieo	ok
B1	plant	verb	(transitive) To furnish or supply with plants.	trồng cây (làm cho có cây)	ok
B1	plant	verb	(transitive) To place (an object, or sometimes a person), often with the implication of intending deceit.	cài, gài (để lừa dối)	ok
B1	plant	verb	(transitive) To place or set something firmly or with conviction.	đặt vững, cắm chặt	ok
B1	pocket	adj	(Texas hold'em poker) Belonging to the two initial hole cards.	(poker) thuộc hai lá bài úp ban đầu	ok
B1	pocket	adj	Of a size suitable for putting into a pocket.	bỏ túi	ok
B1	pocket	adj	Smaller or more compact than usual.	thu nhỏ, nhỏ gọn	ok
B1	pocket	noun	(Australia) An area of land surrounded by a loop of a river.	(Úc) doi đất trong khúc uốn của sông	ok
B1	pocket	noun	(by extension) A person's financial resources.	túi tiền, khả năng tài chính	ok
B1	pocket	noun	(clothing) A bag stitched to an item of clothing, used for carrying small items.	túi	ok
B1	pocket	noun	An enclosed volume of one substance surrounded by another.	túi (chất bị bao quanh)	ok
B1	pocket	verb	(billiards, snooker, pool) To cause a ball to go into one of the pockets of the table; to complete a shot.	(bi-a) đánh bi vào lỗ	ok
B1	pocket	verb	(transitive, informal) To take and keep (something, especially money, that is not one's own).	(khẩu ngữ) đút túi, chiếm đoạt	ok
B1	pocket	verb	(transitive) To put (something) into a pocket.	bỏ vào túi, cho vào túi	ok
B1	political	adj	(of a person) Interested in politics.	quan tâm đến chính trị	ok
B1	political	adj	Concerning a polity or its administrative components.	thuộc về nhà nước, thuộc chính thể	ok
B1	political	adj	Concerning or relating to politics, the art and process of governing.	chính trị	ok
B1	political	adj	Of or relating to views about social relationships that involve power, standing, influence or conflict.	mang tính chính trị	ok
B1	political	noun	A political agent or officer.	viên chức chính trị	ok
B1	political	noun	A political prisoner.	tù nhân chính trị	ok
B1	political	noun	A publication focusing on politics.	tạp chí chính trị	ok
B1	positive	adj	Characterized by constructiveness or influence for the better.	tích cực	ok
B1	positive	adj	Fully assured in opinion.	chắc chắn, tin chắc	ok
B1	positive	adj	Included, present, characterized by affirmation.	khẳng định	ok
B1	positive	adj	Stated definitively and without qualification.	dứt khoát, rõ ràng	ok
B1	positive	noun	A favourable point or characteristic.	điểm tích cực, ưu điểm	ok
B1	positive	noun	A thing capable of being affirmed; something real or actual.	điều có thật, điều xác thực	ok
B1	positive	noun	Something having a positive value in physics, such as an electric charge.	(vật lý) điện tích dương	ok
B1	positive	noun	The positive plate of a voltaic or electrolytic cell.	(vật lý) cực dương	ok
B1	priest	noun	(Mormonism) The highest office in the Aaronic priesthood.	(đạo Mormon) thầy tư tế	ok
B1	priest	noun	A blunt tool, used for quickly stunning and killing fish.	dùi đập cá	ok
B1	priest	noun	A religious clergyman (clergywoman, clergyperson) who is trained to perform services or sacrifices at a church or temple.	mục sư	sai nghĩa — “mục sư” nghĩa là pastor (chức sắc Tin Lành), còn priest ở đây là giáo sĩ hành lễ/tế lễ, nên dịch là “linh mục” hoặc “tu sĩ” — mục priest (verb) bên dưới cũng dùng “linh mục”
B1	priest	verb	(transitive) To ordain as a priest.	phong làm linh mục, thụ phong linh mục	ok
B1	professional	adj	(by extension) Expert.	chuyên gia	sai từ loại — pos là adj (nghĩa “expert” ở đây là điêu luyện/thành thạo), nhưng “chuyên gia” là danh từ chỉ người, không dùng được như tính từ — nên là “điêu luyện, tinh thông, thành thạo”
B1	professional	adj	Of, pertaining to, or in accordance with the (usually high) standards of a profession.	chuyên nghiệp	ok
B1	professional	adj	That is carried out for money, especially as a livelihood.	chuyên nghiệp, nhà nghề	ok
B1	professional	noun	(euphemistic) A prostitute.	(uyển ngữ) gái mại dâm	ok
B1	professional	noun	A person who belongs to a profession.	nhà chuyên môn	ok
B1	professional	noun	A person who earns their living from a specified activity.	người chuyên nghiệp	ok
B1	professional	noun	A reputation known by name.		
B1	reality	noun	A real entity, event, or other fact.	sự việc có thật, thực tế	ok
B1	reality	noun	The entirety of all that is real.	thực tại	ok
B1	reality	noun	The real world.	thực tế, đời thực	ok
B1	reality	noun	The state of being actual or real; realness.	thực tại	ok
B1	regret	noun	(decision theory) The amount of avoidable loss that results from choosing the wrong action.	(lý thuyết quyết định) độ hối tiếc	ok
B1	regret	noun	A person invited to an event who was unable to attend, but notified the organizer of this beforehand; a nonattendee.	người báo vắng mặt, khách từ chối tham dự	ok
B1	regret	noun	Emotional pain on account of something done or experienced in the past, with a wish that it had been different; a looking back with dissatisfaction or with longing.	sự hối tiếc, sự nuối tiếc	ok
B1	regret	verb	(more generally) To feel sorry about (any thing).	tiếc, hối tiếc	ok
B1	regret	verb	To feel sorry about (a thing that has or has not happened), afterthink: to wish that a thing had not happened, that something else had happened instead.	hối hận, hối tiếc	ok
B1	regular	adj	(Christianity) Bound by religious rule; belonging to a monastic or religious order (often as opposed to secular).	(tôn giáo) thuộc dòng tu	ok
B1	regular	adj	Demonstrating a consistent set of rules; showing order, evenness of operation or occurrence.	có quy luật, đều đặn	ok
B1	regular	adj	Happening at constant (especially short) intervals.	đều đặn, thường xuyên	ok
B1	regular	adj	Having a constant pattern; showing evenness of form or appearance.	đều, cân xứng	ok
B1	regular	noun	A frequent customer, client or business partner.	khách hàng thân thiết	ok
B1	regular	noun	A frequent, routine visitor to an establishment.	khách quen	ok
B1	regular	noun	A member of the armed forces or police force.	quân nhân chính quy	thiếu nghĩa — định nghĩa gồm cả police force, nhưng “quân nhân chính quy” chỉ nói tới quân đội, bỏ sót nghĩa cảnh sát chính quy
B1	regular	noun	A member of the British Army (as opposed to a member of the Territorial Army or Reserve).	(Anh) lính chính quy	ok
B1	rent	adj	That has been torn or rent; ripped; torn.	rách, bị xé rách	ok
B1	rent	noun	(economics) A profit from possession of a valuable right, as a restricted license to engage in a trade or business.	(kinh tế) địa tô	nghĩa quá hẹp — đây là khái niệm tô kinh tế nói chung (ví dụ: giấy phép kinh doanh độc quyền), không riêng đất đai, nên “địa tô” (land rent) là quá hẹp so với ví dụ nêu trong định nghĩa
B1	rent	noun	A division or schism.	sự chia rẽ, sự rạn nứt	ok
B1	rent	noun	A payment made by a tenant at intervals in order to lease a property.	tiền thuê nhà	ok
B1	rent	noun	A similar payment for the use of a product, equipment or a service.	tiền thuê	ok
B1	rent	noun	A tear or rip in some surface.	vết rách, chỗ rách	ok
B1	rent	noun	An object for which rent is charged or paid.	đồ cho thuê, vật cho thuê	ok
B1	rent	verb	(intransitive, informal) To be leased or let for rent.	được cho thuê	ok
B1	rent	verb	(transitive, informal) To grant a lease in return for rent.	cho thuê	ok
B1	rent	verb	(transitive) To obtain or have temporary possession of an object (e.g. a movie) in exchange for money.	thuê	ok
B1	rent	verb	(transitive) To take a lease of premises in exchange for rent.	thuê nhà, thuê đất	ok
B1	repeat	noun	(genetics, biochemistry) A pattern of nucleic acids that occur in multiple copies throughout a genome (or of amino acids in a protein).	(di truyền học) đoạn lặp lại	ok
B1	repeat	noun	(medicine, pharmacy) A refill of a prescription.	(y học) đơn thuốc cấp lại	ok
B1	repeat	noun	A television program shown after its initial presentation; a rerun.	chương trình phát lại	ok
B1	repeat	noun	An iteration; a repetition.	sự lặp lại	ok
B1	repeat	verb	(intransitive) To happen again; recur.	lặp lại, tái diễn	ok
B1	repeat	verb	(intransitive) To strike the hours, as a watch does.	điểm giờ (đồng hồ)	ok
B1	repeat	verb	(transitive) To do or say again (and again).	lặp	ok
B1	repeat	verb	(transitive) To echo the words of (a person).	nhắc lại, lặp lại lời (ai đó)	ok
B1	request	noun	(networking) A message sent over a network to a server.	(tin học) yêu cầu (gửi tới máy chủ)	ok
B1	request	noun	A formal message requesting something.	yêu cầu, đề nghị	ok
B1	request	noun	Act of requesting (with the adposition at in the presence of possessives, and on in their absence).	sự yêu cầu	ok
B1	request	noun	Condition of being sought after.	sự được ưa chuộng, sự được săn đón	ok
B1	request	verb	(transitive or with a subjunctive clause) To ask for (something).	yêu cầu, đề nghị, xin	ok
B1	request	verb	(transitive) To ask (somebody) to do something.	yêu cầu, đề nghị (ai làm gì)	ok
B1	revenge	noun	A win by a previous loser.	chiến thắng trả đũa	ok
B1	revenge	noun	Any form of personal, retaliatory action against an individual, institution, or group for some alleged or perceived harm or injustice.	sự trả thù	ok
B1	revenge	verb	(transitive, reflexive) To take one's revenge (on or upon someone).	trả thù	ok
B1	revenge	verb	(transitive) To take revenge for (a particular harmful action) or on behalf of (its victim); to avenge.	trả thù (cho), báo thù	ok
B1	rise	noun	(chiefly UK, also Australia, Canada, New Zealand, South Africa) An increase in a quantity, price, etc.	(Anh) sự tăng (giá cả, số lượng)	ok
B1	rise	noun	(UK, Ireland, Australia, rest of Commonwealth, sometimes Canada) Ellipsis of pay rise (“an increase in wage or salary”).	(Anh) sự tăng lương	ok
B1	rise	noun	Alternative form of rice (“twig”).	cành cây nhỏ	ok
B1	rise	noun	The process of or an action or instance of coming to prominence.	sự nổi lên, sự thăng tiến	ok
B1	rise	noun	The process of or an action or instance of moving upwards or becoming greater.	sự tăng lên, sự dâng lên	ok
B1	rise	verb	(intransitive) To begin, to develop; to be initiated.	bắt đầu, nảy sinh, phát sinh	ok
B1	rise	verb	(intransitive) To increase in value or standing.	tăng lên, tăng giá trị	ok
B1	rise	verb	(intransitive) To move, or appear to move, physically upwards relative to the ground.	dâng lên, bốc lên, mọc lên	ok
B1	rise	verb	(transitive) To go up; to ascend; to climb.	leo lên, đi lên	ok
B1	role	noun	(historical) An ancient unit of quantity, 72 sheets of parchment.	(sử) đơn vị đo giấy da (72 tờ)	ok
B1	role	noun	A character or part played by a performer or actor.	vai	ok
B1	role	noun	Designation that denotes an associated set of responsibilities, knowledge, skills, or privileges	vai trò, chức vụ	ok
B1	role	noun	The expected behaviour of an individual in a society.	vai trò (xã hội)	ok
B1	role	noun	The function or position of something.	vai trò, chức năng	ok
B1	romantic	adj	(chiefly historical) Of a work of literature, a writer etc.: being like or having the characteristics of a romance, or poetic tale of a mythic or quasi-historical time; fantastic.	(văn học, cổ) mang tính truyền kỳ, kỳ ảo	ok
B1	romantic	adj	Fantastic, unrealistic (of an idea etc.); fanciful, sentimental, impractical (of a person).	viển vông, phi thực tế, mơ mộng	ok
B1	romantic	adj	Having the qualities of romance (in the sense of something appealing deeply to the imagination); invoking on a powerfully sentimental idea of life; evocative, atmospheric.	lãng mạn, gợi cảm xúc	ok
B1	romantic	adj	Pertaining to an idealised form of love (originally, as might be felt by the heroes of a romance); conducive to romance; loving, affectionate.	lãng mạn, yêu đương	ok
B1	romantic	noun	A person who is behaving romantically (in a manner befitting someone who feels an idealized form of love).	người lãng mạn	ok
B1	romantic	noun	A person with romantic character (a character like those of the knights in a mythic romance).	người mộng mơ, lãng mạn	ok
B1	rough	adj	Approximate; hasty or careless; not finished.	sơ bộ, thô, chưa hoàn chỉnh	ok
B1	rough	adj	Difficult; trying.	khó khăn, gian khổ	ok
B1	rough	adj	Not smooth; uneven.	gồ ghề, xù xì, không bằng phẳng	ok
B1	rough	adj	Turbulent.	(biển) động, dữ dội	ok
B1	rough	adv	In a rough manner; rudely; roughly.	một cách thô bạo, sỗ sàng	ok
B1	rough	noun	A quick sketch, similar to a thumbnail but larger and more detailed, used for artistic brainstorming.	bản phác thảo sơ bộ	ok
B1	rough	noun	A rude fellow; a coarse bully; a rowdy.	kẻ côn đồ, tên du côn	ok
B1	rough	noun	The raw material from which faceted or cabochon gems are created.	đá (quý) thô, nguyên liệu thô	ok
B1	rough	noun	The unmowed part of a golf course.	(golf) khu vực cỏ rậm ngoài đường bóng	ok
B1	rough	verb	(boxing, wrestling, intransitive) To break the rules by being excessively violent.	(quyền anh, vật) chơi thô bạo, phạm luật bằng bạo lực	ok
B1	rough	verb	(ice hockey) To commit the offense of roughing, i.e. to punch another player.	(khúc côn cầu) phạm lỗi thô bạo, đấm đối thủ	ok
B1	rough	verb	To create in an approximate form.	phác thảo sơ bộ	ok
B1	rough	verb	To render rough; to roughen.	làm nhám, làm xù xì	ok
B1	royal	adj	(boxing, military) Free-for-all, especially involving multiple combatants.	(quân sự) hỗn chiến, ẩu đả	thiếu nhãn — tiếng Anh ghi "(boxing, military)" nhưng bản dịch chỉ giữ "(quân sự)", bỏ mất nghĩa "quyền anh" — nên là "(quyền anh, quân sự) hỗn chiến, ẩu đả"
B1	royal	adj	(nautical) In large sailing ships, of a mast right above the topgallant mast and its sails.	(hàng hải) (cột buồm) trên cùng	ok
B1	royal	adj	Having the air or demeanour of a monarch; illustrious; magnanimous; of more than common size or excellence.	oai vệ, uy nghi, lộng lẫy	ok
B1	royal	adj	Of or relating to a monarch or his (or her) family.	(thuộc) hoàng gia, hoàng tộc	ok
B1	royal	noun	(paper) A standard size of writing paper, measuring 24 by 19 inches.	(giấy) khổ giấy royal	ok
B1	royal	noun	A stag with twelve points (six on each antler).	(săn bắn) hươu đực gạc mười hai nhánh	ok
B1	royal	noun	Any of various lycaenid butterflies.		
B1	royal	noun	The fourth tine of an antler's beam.		
B1	ruin	noun	(countable, sometimes in the plural) The remains of a destroyed or dilapidated construction, such as a house or castle.	tàn tích, phế tích, đống đổ nát	ok
B1	ruin	noun	(uncountable) Something that leads to serious trouble or destruction.	nguyên nhân dẫn đến sụp đổ, mầm mống diệt vong	ok
B1	ruin	noun	(uncountable) The state of being a ruin, destroyed or decayed.	hư hại	sai nghĩa — "hư hại" chỉ mang nghĩa "bị hư hỏng" nhẹ, không truyền tải được nghĩa "trạng thái đổ nát/điêu tàn hoàn toàn" của "ruin" — nên là "cảnh hoang tàn, cảnh điêu tàn"
B1	ruin	noun	The act of ruining something.	sự hủy hoại, sự phá hủy	ok
B1	ruin	verb	(transitive) To cause the fiscal ruin of; to bankrupt or drive out of business.	làm phá sản, làm khánh kiệt	ok
B1	ruin	verb	To destroy (e.g. a city) so as to leave ruins.	phá hủy, tàn phá	ok
B1	ruin	verb	To destroy or render something no longer usable or operable.	làm hỏng, phá hỏng	ok
B1	ruin	verb	To upset or overturn the plans or progress of, or to have a disastrous effect on something.	làm hỏng, phá hỏng (kế hoạch)	ok
B1	run	verb	To manage or be in charge of a business or organisation.	điều hành, quản lý	ok
B1	rush	adj	Performed with, or requiring urgency or great haste, or done under pressure, especially if therefore done badly.	gấp, vội vã, khẩn cấp	ok
B1	rush	noun	A rapid, noisy flow.	dòng chảy xiết, dòng nước ào ạt	ok
B1	rush	noun	A sudden forward motion.	sự lao tới, sự xông lên	ok
B1	rush	noun	A surge.	sự dâng trào, luồng (cảm xúc)	ok
B1	rush	noun	A wick.	bấc đèn	ok
B1	rush	noun	Any of several stiff plants of the genus Juncus, or the family Juncaceae, having hollow or pithy stems and small flowers, and often growing in marshes or near water.	cây bấc, cây cói	ok
B1	rush	noun	General haste.	sự vội vã, sự gấp gáp	ok
B1	rush	noun	The merest trifle; a straw.	thứ vặt vãnh, vật không đáng giá	ok
B1	rush	noun	The stem of such plants used in making baskets, mats, the seats of chairs, etc.	cọng cói, thân cây bấc	ok
B1	rush	verb	(intransitive, soccer) To dribble rapidly.	(bóng đá) đi bóng nhanh, dốc bóng nhanh	ok
B1	rush	verb	(intransitive) To flow or move forward rapidly or noisily.	chảy xiết, lao nhanh	ok
B1	rush	verb	(transitive or intransitive, contact sports) To run directly at another player in order to block or disrupt play.	(thể thao đối kháng) lao vào cản phá	ok
B1	rush	verb	(transitive or intransitive) To hurry; to perform a task with great haste, often not properly or without thinking carefully.	vội vàng, làm gấp, hối hả	ok
B1	safety	noun	(mechanics) A safety lock or safety catch: a mechanism on a weapon or dangerous equipment designed to prevent accidental firing or operation.	chốt an toàn, khóa an toàn	ok
B1	safety	noun	An instance of a player being sacked or tackled in the end zone, or stepping out of the end zone and off the field, resulting in two points to the opposite team.	(bóng bầu dục Mỹ) điểm an toàn	ok
B1	safety	noun	Preservation from escape; close custody.	sự giam giữ nghiêm ngặt	ok
B1	safety	noun	The condition or feeling of being safe; security; certainty.	an toàn	ok
B1	safety	verb	(transitive) To secure (a mechanical component, as in aviation) to keep it from becoming detached even under vibration.	(hàng không) khóa chặt, cố định (bộ phận)	ok
B1	safety	verb	to secure a firing pin, as in guns, to keep the gun from firing	khóa an toàn, bật chốt an toàn (súng)	ok
B1	scare	adj	lean; scanty	(cổ) ít ỏi, khan hiếm	ok
B1	scare	noun	A cause of terror or alarm; a panic; something that inspires fear or dread.	sự hoảng sợ, nỗi kinh hoàng	ok
B1	scare	noun	A device or object used to frighten.	vật để dọa, vật hù dọa	ok
B1	scare	noun	A minor fright.	cú giật mình, phen hết hồn	ok
B1	scare	verb	(intransitive) (To be able) to be scared.	dễ sợ hãi, dễ giật mình	ok
B1	scare	verb	(transitive) To frighten, terrify, startle, especially in a minor way.	làm sợ, dọa, hù	ok
B1	scary	adj	(informal) Uncannily striking or surprising.	(khẩu ngữ) đáng kinh ngạc	ok
B1	scary	adj	(now chiefly informal) Causing fear or anxiety	đáng sợ	ok
B1	scary	adj	(US, colloquial) Subject to sudden alarm; easily frightened.	(Mỹ, khẩu ngữ) nhát, dễ sợ hãi	ok
B1	scary	adv	(informal) To a scary extent; scarily.	(khẩu ngữ) một cách đáng sợ	ok
B1	scary	noun	Barren land having only a thin coat of grass.		
B1	secretary	noun	(often capitalized) The head of a department of government.	bộ trưởng	ok
B1	secretary	noun	(US) A type of desk, secretary desk; a secretaire.	bàn viết có ngăn kéo	ok
B1	secretary	noun	A managerial or leading position in certain non-profit organizations, such as political parties, trade unions, international organizations.	tổng thư ký, bí thư	ok
B1	secretary	noun	A person who keeps records, takes notes and handles general clerical work.	thư ký	ok
B1	secretary	verb	(transitive) To serve as a secretary of.	làm thư ký cho	ok
B1	sexual	adj	Arising from the fact of being male or female; pertaining to sex or gender, or to the social relations between the sexes.	thuộc về giới tính	ok
B1	sexual	adj	Characterised by sexual feelings or behaviour; possessing sexuality.	có tính dục	ok
B1	sexual	adj	Pertaining to sexual intercourse or other intimate physical contact.	(thuộc) tình dục	ok
B1	sexual	adj	Pertaining to sexuality as a cultural phenomenon; relating to sexual behaviour or conduct.	liên quan đến tình dục	ok
B1	sexual	noun	(biology) A species which reproduces by sexual rather than asexual reproduction, or a member of such a species.	(sinh học) loài/cá thể sinh sản hữu tính	ok
B1	sexual	noun	(LGBTQ) A person who experiences sexual attraction, a person who has interest in or desire for sex (especially as contrasted with an asexual).	người hữu tính	sai nghĩa/thiếu nhãn — "hữu tính" là thuật ngữ sinh học (sinh sản hữu tính, xem nghĩa "biology" ở dòng trên), không phải nghĩa "người có hứng thú/ham muốn tình dục" trong ngữ cảnh LGBTQ; thiếu nhãn "(LGBTQ)"
B1	sexy	adj	(mathematics) Used to describe prime numbers that differ from each other by six.	(toán học) hơn kém nhau 6 đơn vị (nói về số nguyên tố)	ok
B1	sexy	adj	(of a thing or concept) Intriguing, appealing, likely to excite interest.	hấp dẫn, lôi cuốn	ok
B1	sexy	adj	Having sex appeal; attractive.	gợi cảm, quyến rũ	ok
B1	shape	noun	A graphical representation of an object's form or its external boundary, outline, or external surface.	hình dạng, hình dáng	ok
B1	shape	noun	Condition of personal health, especially muscular health.	thể trạng, vóc dáng	ok
B1	shape	noun	Form; formation.	hình thức, hình dạng	ok
B1	shape	noun	The status or condition of something	tình trạng, tình hình	ok
B1	shape	verb	(of a country, person, etc) To give influence to.	định hình, tác động đến	ok
B1	shape	verb	(transitive) To give something a shape and definition.	tạo hình, định hình	ok
B1	shape	verb	To form or manipulate something into a certain shape.	nặn, tạo hình	ok
B1	shape	verb	To suit; to be adjusted or conformable.	phù hợp, thích ứng	ok
B1	shock	adj	Causing intense surprise, horror, etc.; unexpected and shocking.	gây sốc, gây choáng	ok
B1	shock	noun	(automotive, mechanical engineering) A shock absorber (typically in the suspension of a vehicle).	bộ giảm xóc	ok
B1	shock	noun	(by extension) A tuft or bunch of something, such as hair or grass.	mớ tóc/cỏ rậm rối	ok
B1	shock	noun	(mathematics) A discontinuity arising in the solution of a partial differential equation.	(toán học) điểm gián đoạn (sốc)	ok
B1	shock	noun	A chemical added to a swimming pool to moderate the chlorine levels.	hoá chất sốc clo (cho bể bơi)	ok
B1	shock	noun	A sudden, heavy impact.	choáng	sai nghĩa — "choáng" diễn tả trạng thái choáng váng (cảm xúc/sinh lý), không phải nghĩa "một cú va đập/chấn động mạnh và đột ngột" — nên là "cú va đập/chấn động mạnh"
B1	shock	noun	An arrangement of sheaves for drying; a stook.	đống lúa bó (để phơi khô)	ok
B1	shock	verb	(transitive) To cause to be emotionally shocked; to cause (someone) to feel greatly surprised or upset.	gây choáng	ok
B1	shock	verb	(transitive) To collect, or make up, into a shock or shocks; to stook.	xếp lúa thành đống	ok
B1	shock	verb	(transitive) To give an electric shock to.	gây choáng	sai nghĩa — "gây choáng" không diễn tả đúng nghĩa "giật điện", lại trùng với bản dịch của nghĩa gây sốc cảm xúc ở dòng khác — nên là "gây giật điện, chích điện"
B1	shock	verb	(transitive) To strike with disgust, to offend, scandalize.	làm sốc, gây phẫn nộ	ok
B1	shock	verb	(transitive) To subject to a shock wave or violent impact.	gây chấn động mạnh	ok
B1	silence	noun	Refraining from speaking, for purposes of prayer or meditation; especially, a form of worship practiced by the Society of Friends (Quakers) during meetings.	(tôn giáo) phút im lặng cầu nguyện	ok
B1	silence	noun	The absence of any sound.	sự im lặng, sự yên tĩnh	ok
B1	silence	noun	The act of refraining from speaking.	sự im lặng, sự nín lặng	ok
B1	silence	phrase	(imperative) Be silent.	im	ok
B1	silence	verb	(molecular biology) To block gene expression.	(sinh học) bất hoạt gen	ok
B1	silence	verb	(transitive) To make (someone or something) silent.	làm cho im lặng	ok
B1	silence	verb	(transitive) To repress the expression of something.	kìm nén, dập tắt	ok
B1	silence	verb	(transitive) To suppress criticism, etc.	bịt miệng, dập tắt (chỉ trích)	ok
B1	silver	adj	Denoting the twenty-fifth anniversary, especially of a wedding.	(kỷ niệm) 25 năm, bạc	ok
B1	silver	adj	Having a color like silver: a shiny gray.	màu bạc, xám bạc	ok
B1	silver	adj	Made from another white metal.	bằng kim loại trắng giống bạc	ok
B1	silver	adj	Made from silver.	bằng bạc	ok
B1	silver	noun	(collectively) Any items made from silver or any other white metal.	bạc	ok
B1	silver	noun	(collectively) Coins made from silver or any similar white metal.	bạc	ok
B1	silver	noun	(collectively) Cutlery and other eating utensils, whether silver or made from some other white metal.	bạc	ok
B1	silver	noun	(uncountable) A lustrous, white, metallic element, atomic number 47, atomic weight 107.87, symbol Ag.	bạc	ok
B1	silver	verb	To acquire a silvery colour.	chuyển màu bạc	ok
B1	silver	verb	To cover with silver, or with a silvery metal.	mạ bạc, tráng bạc	ok
B1	silver	verb	To make hoary, or white, like silver.	làm bạc trắng	ok
B1	silver	verb	To polish like silver; to impart a brightness to, like that of silver.	đánh bóng như bạc	ok
B1	site	noun	A computer installation, particularly one associated with an intranet or internet service or telecommunications.	(tin học) trang web, hệ thống máy chủ	ok
B1	site	noun	A place fitted or chosen for any certain permanent use or occupation	địa điểm, khu đất	ok
B1	site	noun	The place where anything is fixed; situation; local position	vị trí, địa điểm	ok
B1	site	noun	The posture or position of a thing.	vị trí, tư thế	ok
B1	site	verb	To situate or place a building or construction project.	đặt vị trí, bố trí (công trình)	ok
B1	smith	noun	(by extension) One who makes anything; wright.	thợ thủ công, người chế tác	ok
B1	smith	noun	A craftsperson who works metal into desired forms using a hammer and other tools, sometimes heating the metal to make it more workable, especially a blacksmith.	thợ rèn, thợ kim khí	ok
B1	smith	verb	To forge, to form, usually on an anvil; by heating and pounding.	rèn (kim loại)	ok
B1	spread	noun	(cartomancy) A layout, pattern or design of cards arranged for a reading.	(bói bài) cách trải bài	ok
B1	spread	noun	(debating slang) An act or instance of spreading (speedreading).	(tranh biện) lối nói cực nhanh	ok
B1	spread	noun	An expanse of land.	khoảng đất rộng, dải đất	ok
B1	spread	noun	Something that has been spread.	món phết (bơ, mứt...)	ok
B1	spread	noun	The act of spreading.	sự lan rộng, sự trải rộng	ok
B1	spread	verb	(intransitive, transitive, debating slang) To speedread; to recite one's arguments at an extremely fast pace.	(tranh biện) nói cực nhanh	ok
B1	spread	verb	(intransitive) To proliferate; to become more widely present, to be disseminated.	lan rộng, lan truyền	ok
B1	spread	verb	(transitive) To disperse, to scatter or distribute over a given area.	rải ra, phân tán, trải ra	ok
B1	spread	verb	(transitive) To extend (individual rays, limbs etc.); to stretch out in varying or opposing directions. simple past and past participle of spread	dang ra, xòe ra	en có vẻ bị lẫn nội dung thừa ("simple past and past participle of spread" không thuộc nghĩa này) — nghi ngờ dữ liệu tiếng Anh; bản dịch vi vẫn phù hợp với nghĩa được nêu
B1	spread	verb	(transitive) To stretch out, open out (a material etc.) so that it more fully covers a given area of space.	trải ra, trải rộng	ok
B1	spring	noun	(countable, uncountable) The season of the year in temperate regions in which temperatures and daylight hours rise, and plants spring from the ground and into bloom and dormant animals spring to life.	mùa xuân	ok
B1	spring	noun	(countable) An act of springing: a leap, a jump.	cú nhảy vọt, cú bật	ok
B1	spring	noun	(countable) Something which springs, springs forth, springs up, or springs back, particularly		
B1	spring	noun	(uncountable, figurative) The time of something's growth; the early stages of some process.	giai đoạn khởi đầu, thời kỳ đầu	ok
B1	spring	verb	(intransitive, now usually with "apart" or "open") To burst into pieces, to explode, to shatter.	bung ra, vỡ tung	ok
B1	spring	verb	(intransitive) To move or burst forth.	bật ra, vọt ra	ok
B1	spring	verb	(intransitive) To spend the springtime somewhere.	trải qua mùa xuân (ở đâu đó)	ok
B1	spring	verb	(transitive) To cause to spring (all senses).	làm bật lên, khiến nảy ra	ok
B1	spring	verb	(transitive) To leap over.	nhảy qua, vượt qua	ok
B1	square	adj	Forming a right angle (90°).	vuông	ok
B1	square	adj	Honest; straightforward; fair.	trung thực, ngay thẳng	ok
B1	square	adj	Shaped like a square (the polygon).	hình vuông	ok
B1	square	adj	Used in the names of units of area formed by multiplying a unit of length by itself.	vuông	ok
B1	square	adv	Directly.	thẳng, trúng ngay	ok
B1	square	noun	(military formation) A body of troops drawn up in a square formation.	(quân sự) đội hình vuông	ok
B1	square	noun	An L- or T-shaped tool used to place objects or draw lines at right angles.	thước vuông, ê-ke	ok
B1	square	noun	An open space or park, often in the center of a town, not necessarily square in shape, often containing trees, seating and other features pleasing to the eye.	quảng trường	ok
B1	square	noun	Something characterized by a square, or nearly square, form.	hình vuông, vật hình vuông	ok
B1	square	verb	(ambitransitive) To resolve or reconcile; to suit or fit.	khớp với, phù hợp với	ok
B1	square	verb	(soccer) To make a short low pass sideways across the pitch	(bóng đá) chuyền ngang	ok
B1	square	verb	(transitive) To adjust or adapt so as to bring into harmony with something.	điều chỉnh cho phù hợp	ok
B1	square	verb	(transitive) To adjust so as to align with or place at a right angle to something else; in particular:	làm cho vuông góc, chỉnh cho thẳng hàng	ok
B1	statement	adj	Decisive.	mang tính tuyên bố mạnh mẽ, quyết định	sai nghĩa — bản dịch thêm nghĩa "mang tính tuyên bố mạnh mẽ" (kiểu "statement piece", nổi bật/gây ấn tượng) không có trong định nghĩa tiếng Anh đã cho ("Decisive") — nên chỉ là "quyết đoán, dứt khoát"
B1	statement	noun	(computing) An instruction in a computer program, especially one that returns no value, as opposed to a function call.	(tin học) câu lệnh	ok
B1	statement	noun	(finance) A document that summarizes financial activity.	(tài chính) bảng sao kê, báo cáo tài chính	ok
B1	statement	noun	A declaration or remark.	lời tuyên bố, phát biểu	ok
B1	statement	noun	A presentation of opinion or position.	sự trình bày quan điểm, lập trường	ok
B1	statement	verb	(transitive) To provide an official document of a proposition, especially in the UK, a Statement of Special Educational Needs.	(Anh, giáo dục) cấp văn bản xác nhận nhu cầu giáo dục đặc biệt	ok
B1	stomach	noun	(figuratively) A desire, an appetite (for something abstract).	sự ham muốn, hứng thú	ok
B1	stomach	noun	(informal) The belly.	(khẩu ngữ) cái bụng	ok
B1	stomach	noun	An organ in animals that stores food in the process of digestion.	dạ dày	ok
B1	stomach	noun	The part of a garment that covers a person's stomach.	phần bụng (của áo, quần)	ok
B1	stomach	verb	(transitive) To tolerate (something), emotionally, physically, or mentally; to stand or handle something.	chịu đựng, chấp nhận được	ok
B1	storm	noun	(military) A violent assault on a fortified position or stronghold.	(quân sự) cuộc tấn công ồ ạt	ok
B1	storm	noun	A heavy expulsion or fall of things (as blows, objects which are thrown, etc.).	trận mưa (đòn, vật ném...)	ok
B1	storm	noun	A violent agitation of human society; a domestic, civil, or political commotion.	cơn biến động (xã hội, chính trị)	ok
B1	storm	noun	A violent commotion or outbreak of sounds, speech, thoughts, etc.; also, an outpouring of emotion.	cơn bùng nổ (cảm xúc, lời nói)	ok
B1	storm	noun	Any disturbed state of the atmosphere causing destructive or unpleasant weather, especially one affecting the earth's surface involving strong winds (leading to high waves at sea) and usually lightning, thunder, and precipitation.	bão	ok
B1	storm	verb	(impersonal, chiefly US) Preceded by the dummy subject it: to have strong winds and usually lightning and thunder, and/or hail, rain, or snow.	(Mỹ) trời nổi bão	ok
B1	storm	verb	To disturb or trouble (someone).	làm xáo động, quấy rầy	ok
B1	storm	verb	To make (someone or something) stormy; to agitate (someone or something) violently.	làm náo động, kích động dữ dội	ok
B1	storm	verb	To use (harsh language).	quát tháo, la hét giận dữ	ok
B1	subject	adj	Conditional upon something; used with to.	tùy thuộc vào, phụ thuộc vào	ok
B1	subject	adj	Likely to be affected by or to experience something; liable.	dễ bị, có khả năng bị	ok
B1	subject	adj	Placed or situated under; lying below, or in a lower situation.	nằm dưới, ở vị trí thấp hơn	ok
B1	subject	adj	Placed under the power of another; owing allegiance to a particular sovereign or state.	chịu sự cai trị, thần phục	ok
B1	subject	noun	A citizen in a monarchy.	thần dân	ok
B1	subject	noun	A particular area of study.	môn học	ok
B1	subject	noun	By faulty generalisation from a clause's grammatical subject often being coinstantiated with one: an actor or agent; one who takes action.	chủ thể, tác nhân	ok
B1	subject	noun	The main topic of a paper, work of art, discussion, field of study, etc.	chủ đề	ok
B1	subject	verb	(transitive, construed with to) To cause (someone or something) to undergo a particular experience, especially one that is unpleasant or unwanted.	bắt phải chịu, khiến phải trải qua	ok
B1	subject	verb	(transitive) To make subordinate or subservient; to subdue or enslave; to subjugate.	khuất phục, chinh phục, chế ngự	ok
B1	success	noun	(business) Financial profitability.	(kinh doanh) lợi nhuận, khả năng sinh lời	ok
B1	success	noun	One who, or that which, achieves assumed goals.	người thành công, thành quả	ok
B1	success	noun	The achievement of one's aim or goal.	sự thành công	ok
B1	success	noun	The fact of getting or achieving wealth, respect, or fame.	sự thành công, thành đạt	ok
B1	suck	noun	(uncountable) Milk drawn from the breast.	sữa mẹ	ok
B1	suck	noun	(uncountable) The ability to suck; suction.	khả năng hút, lực hút	ok
B1	suck	noun	An indrawing of gas or liquid caused by suction.	sự hút vào, luồng hút	ok
B1	suck	noun	An instance of drawing something into one's mouth by inhaling.	lần mút, lần hút	ok
B1	suck	verb	(intransitive) To perform such an action; to feed from a breast or teat.	bú	ok
B1	suck	verb	(transitive) To extract, draw in (a substance) from or out of something.	hút, hút ra	ok
B1	suck	verb	(transitive) To put the mouth or lips to (a breast, a parent etc.) to draw in milk.	bú (vú, ti mẹ)	ok
B1	suck	verb	(transitive) To use the mouth and lips to pull in (a liquid, especially milk from the breast).	hút, mút (chất lỏng)	ok
B1	sudden	adj	Occurring quickly with little or no warning or expectation; instantly.	đột ngột, bất ngờ	ok
B1	sudden	adv	(poetic) Suddenly.	(thơ ca) đột ngột, bỗng nhiên	ok
B1	switch	adj	(freestyle skiing) Pertaining to skiing backwards.	(trượt tuyết tự do) kiểu trượt ngược	ok
B1	switch	adj	(snowboarding) Pertaining to riding with the front and back feet swapped round compared to one's normal position.	(trượt ván tuyết) kiểu đảo chân	ok
B1	switch	noun	(computer science) A command line notation allowing specification of optional behavior.	(tin học) tùy chọn dòng lệnh, cờ lệnh	ok
B1	switch	noun	A change or exchange.	sự thay đổi, sự hoán đổi	ok
B1	switch	noun	A device to turn electric current on and off or direct its flow.	ngắt điện	sai nghĩa — "ngắt điện" là hành động cắt điện, không phải danh từ chỉ thiết bị; nên là "công tắc"
B1	switch	noun	A long, slender woody plant stem or a flexible, thin rod used as a whip to administer corporal punishment in the United States.	roi (làm từ cành cây mềm)	ok
B1	switch	verb	(intransitive) To change places, tasks, etc.	chuyển đổi, đổi	ok
B1	switch	verb	(transitive, in modern times Southern US) To whip or hit with a switch.	(Mỹ) quất roi, đánh bằng roi	ok
B1	switch	verb	(transitive) To change (something) to the specified state using a switch.	bật/tắt, chuyển (bằng công tắc)	ok
B1	switch	verb	(transitive) To exchange.	đổi, hoán đổi	ok
B1	tall	adj	(literal) Having a top that is far up (contrast: deep (having a bottom that is far down' ).)	cao	ok
B1	tall	adj	(of a story) Hard to believe, such as a tall story or a tall tale.	khó tin, phóng đại	ok
B1	tall	adj	Old senses that arose before the height-related senses		
B1	tall	noun	(possibly nonstandard) Someone or something that is tall.	(không chuẩn) người/vật cao	ok
B1	tall	noun	A clothing size for taller people.	cỡ (quần áo) dành cho người cao	ok
B1	tall	noun	A tall serving of a drink, especially one from Starbucks, which contains 12 ounces.	cỡ tall (cỡ nhỏ nhất, khoảng 340ml, thường ở Starbucks)	ok
B1	telephone	noun	(countable, figurative) A means of communicating information from one person to another or others.	(nghĩa bóng) kênh liên lạc, đường truyền tin	ok
B1	telephone	noun	(countable, telephony) A telecommunication device which converts data or sounds (usually speech) into electrical signals which are then transmitted to enable two or more people to communicate with each other over a distance; now usually a device having a dial or keypad with numerals for entering a number, etc., to connect with a person, and means (such as a sound or vibration) for alerting one to	điện thoại	ok
B1	telephone	noun	(uncountable, Canada, US, games) Synonym of Chinese whispers (“a game for several players in which a phrase, whispered by each person in turn to their neighbour, is often unwittingly misunderstood as it is transferred, to humorous effect by the time it reaches the last person and is compared with the original phrase; (figurative) a situation where something is changed or misunderstood as a result	(Bắc Mỹ) trò chơi truyền tin nối tiếp (tam sao thất bản)	ok
B1	telephone	noun	Now chiefly preceded by a descriptive word: a simple communication device which converts sounds (usually speech) into mechanical vibrations along a string, wire, etc.	điện thoại dây (thô sơ)	ok
B1	telephone	verb	(intransitive) To (attempt to) contact someone using a telephone; to make a telephone call.	gọi điện thoại, gọi điện	ok
B1	telephone	verb	To (attempt to) contact (someone) using a telephone.	gọi điện cho (ai đó)	ok
B1	telephone	verb	To convey (information, a message, news, etc.) using a telephone (noun sense 1).	báo qua điện thoại, thông báo bằng điện thoại	ok
B1	television	noun	(countable) An electronic home entertainment device equipped with a screen and a speaker for receiving television signals and displaying them in audio-visual form.	tivi, ti vi	ok
B1	television	noun	(uncountable, broadcasting) An electronic communication medium that allows the transmission of real-time visual images, and often sound.	truyền hình	ok
B1	television	noun	(uncountable) Collectively, the programs broadcast via the medium of television.	truyền hình	ok
B1	television	verb	(neologism, informal) To watch television.	(thân mật) xem tivi	ok
B1	temple	noun	(anatomy) The slightly flatter region, on either side of the head of a vertebrate, including a human, behind the eye and forehead, above the zygomatic arch, and forward of the ear.	(giải phẫu) thái dương	ok
B1	temple	noun	(figurative) Any place regarded as holding a religious presence.	(nghĩa bóng) nơi linh thiêng, chốn tôn nghiêm	ok
B1	temple	noun	(figurative) Any place seen as an important centre for some activity.	(nghĩa bóng) trung tâm, cái nôi (của một lĩnh vực)	ok
B1	temple	noun	(ophthalmology) Either of the sidepieces on a set of spectacles, extending backwards from the hinge toward the ears and, usually, turning down around them.	(nhãn khoa) càng kính, gọng kính	ok
B1	temple	noun	(weaving) A contrivance used in a loom for keeping the web stretched transversely.	(dệt) thanh căng vải (trong khung cửi)	ok
B1	temple	noun	A house of worship, especially:	đền thờ, chùa, đền	ok
B1	temple	noun	A meeting house of the Oddfellows fraternity; its members.		
B1	temple	verb	(transitive) To build a temple for; to appropriate a temple to; to temple a god	dựng đền thờ (để tôn thờ ai/cái gì)	ok
B1	theory	noun	(chess and similar games) The standardization and study of fixed sequences of moves, especially in the opening phase of a game.	(cờ vua) lý thuyết khai cuộc	ok
B1	theory	noun	(sciences) A coherent statement or set of ideas that explains observed facts or phenomena and correctly predicts new facts or phenomena not previously observed, or which sets out the laws and principles of something known or observed; a hypothesis confirmed by observation, experiment etc.	học thuyết, lý thuyết	ok
B1	theory	noun	(uncountable) The underlying principles or methods of a given technical skill, art etc., as opposed to its practice.	lý thuyết (đối lập với thực hành)	ok
B1	theory	noun	A description of an event or system that is considered to be accurate.	giả thuyết, lý thuyết	ok
B1	thief	noun	One who carries out a theft.	kẻ trộm, tên trộm, kẻ cắp	ok
B1	thief	noun	One who steals another person's property, especially by stealth and without using force or violence.	kẻ trộm (lén lút, không dùng bạo lực)	ok
B1	toilet	noun	(figuratively) A very shabby or dirty place.	(nghĩa bóng) chỗ bẩn thỉu, nơi tồi tàn	ok
B1	toilet	noun	(incel slang, derogatory) A woman.		
B1	toilet	noun	(UK, India, Australia, Hong Kong) A room, enclosed area or single-purpose building containing a fixture or fixtures used for urination and defecation; a bathroom or water closet.	(Anh) nhà vệ sinh, phòng vệ sinh	thiếu nhãn vùng — tiếng Anh ghi (UK, India, Australia, Hong Kong) nhưng bản dịch chỉ giữ "(Anh)", bỏ mất India, Australia, Hong Kong
B1	toilet	noun	A fixture used for urination and defecation, particularly one with a large bowl and ring-shaped seat which uses water to flush the waste material into a septic tank or sewer system.	bồn cầu, toa lét	ok
B1	toilet	verb	To assist another (a child, etc.) in using a toilet.	giúp (ai đó) đi vệ sinh	ok
B1	toilet	verb	To use (urinate or defecate in) a toilet.	đi vệ sinh, đi toa lét	ok
B1	tongue	noun	(countable, uncountable) Such an organ, as taken from animals and used for food (especially from cows).	lưỡi	ok
B1	tongue	noun	(metonymic) A language.	ngôn ngữ, tiếng nói	ok
B1	tongue	noun	Any similar organ, such as the lingual ribbon, or odontophore, of a mollusk; the proboscis of a moth or butterfly; or the lingua of an insect.	lưỡi	ok
B1	tongue	noun	The flexible muscular organ in the mouth that is used to move food around, for tasting and that is moved into various positions to modify the flow of air from the lungs in order to produce different sounds in speech.	lưỡi	ok
B1	tongue	verb	(music, ambitransitive) On a wind instrument, to articulate a note by starting the air with a tap of the tongue, as though by speaking a 'd' or 't' sound (alveolar plosive).	(âm nhạc) đánh lưỡi (khi thổi kèn)	ok
B1	tongue	verb	(transitive) To manipulate with the tongue.	dùng lưỡi vuốt ve, liếm	ok
B1	tongue	verb	To join by means of a tongue and groove.	(mộc) ghép bằng mộng lưỡi	ok
B1	tongue	verb	To protrude in relatively long, narrow sections.	nhô ra, thè ra (thành dải dài hẹp)	ok
B1	tour	noun	(graph theory) A closed trail.	(toán học, lý thuyết đồ thị) chu trình	ok
B1	tour	noun	A guided visit to a particular place, or virtual place.	chuyến du lịch	sai nghĩa — đây là chuyến tham quan có hướng dẫn (vd tham quan bảo tàng), không phải "chuyến du lịch"; nên là "buổi tham quan (có hướng dẫn)"
B1	tour	noun	A journey through a given list of places, such as by an entertainer performing concerts.	du lịch	sai nghĩa — đây là chuyến lưu diễn của nghệ sĩ/ca sĩ, không phải "du lịch"; nên là "chuyến lưu diễn, tour diễn"
B1	tour	noun	A journey through a particular building, estate, country, etc.	du lịch	ok
B1	tour	verb	(intransitive) To make a journey	đi du lịch, đi tham quan	ok
B1	tour	verb	(transitive) To make a circuit of a place	đi tham quan khắp (một nơi), đi vòng quanh	ok
B1	trade	adj	Of a product, produced for sale in the ordinary bulk retail trade and hence of only the most basic quality.	(hàng) phổ thông, đại trà	ok
B1	trade	noun	(countable) A particular instance of buying or selling, or a series of related transactions executed as a single investment.	giao dịch (mua bán)	ok
B1	trade	noun	(countable) An idea or strategy for an investment on a market.	(tài chính) chiến lược giao dịch, ý tưởng đầu tư	ok
B1	trade	noun	(countable) An instance of bartering items in exchange for one another.	sự trao đổi, vụ đổi hàng	ok
B1	trade	noun	(uncountable) The buying and selling of goods and services on a market.	sự buôn bán	ok
B1	trade	verb	(ambitransitive) To engage in trade.	buôn bán, giao dịch	ok
B1	trade	verb	(transitive, with for) To give (something) in exchange (for).	đổi (cái gì) lấy (cái gì)	ok
B1	trade	verb	(transitive, with on) To use or exploit a particular aspect, such as a name, reputation, or image, to gain advantage or benefit.	lợi dụng, tận dụng (danh tiếng, hình ảnh...)	ok
B1	trade	verb	(transitive) To mutually exchange (something) (with).	trao đổi (với nhau)	ok
B1	university	noun	An institution of higher education that provides facilities for teaching, research, and the conferral of academic degrees across undergraduate, graduate, and often professional levels.	trường đại học	ok
B1	useless	adj	(colloquial, somewhat derogatory) Of a person, Unable to do well at a particular task or endeavor.	(khẩu ngữ) vô dụng, kém cỏi	ok
B1	useless	adj	(derogatory, of a person) Good-for-nothing; not dependable.	(miệt thị) vô tích sự, vô dụng	ok
B1	useless	adj	Unhelpful, not useful; pointless (of an action).	vô ích, không có tác dụng	ok
B1	useless	adj	Without use or the possibility to be used.	vô dụng, không dùng được	ok
B1	wet	adj	Made up of liquid or moisture, usually (but not always) water.	ướt, ẩm ướt	ok
B1	wet	adj	Of a burrito, sandwich, or other food: covered in a sauce.	phủ sốt, có sốt	ok
B1	wet	adj	Of an object, etc.: covered or impregnated with liquid, usually (but not always) water.	ướt	ok
B1	wet	adj	Of calligraphy and fountain pens: depositing a large amount of ink from the nib or the feed.	ra nhiều mực, ướt mực	ok
B1	wet	noun	(Australia) Rainy season. (often capitalized)	(Úc) mùa mưa	ok
B1	wet	noun	(motor racing, in the plural) A tyre for use in wet weather.	(đua xe) lốp mưa	ok
B1	wet	noun	Liquid or moisture.	hơi ẩm, chất lỏng	ok
B1	wet	noun	Rainy weather.	trời mưa, thời tiết mưa	ok
B1	wet	verb	(transitive, intransitive) To make or become wet.	làm ướt, trở nên ướt	ok
B1	wet	verb	(transitive, soldering) To form an intermetallic bond between a solder and a metal substrate.	(kỹ thuật) thấm ướt (bề mặt kim loại khi hàn)	
B1	wet	verb	(transitive) To cover or impregnate with liquid.	làm ướt, thấm ướt	ok
B1	wet	verb	(transitive) To make (oneself, clothing, a bed, etc.) wet by accidental urination.	tè dầm, đái dầm	ok
B1	winter	noun	(countable, fashion) Someone with dark skin, eyes and hair, seen as best suited to certain colors of clothing.	(thời trang) người thuộc tông màu mùa Đông	
B1	winter	noun	(figuratively, poetic) The period of decay, old age, death, or the like.	tuổi xế chiều, thời suy tàn	ok
B1	winter	noun	Traditionally the fourth of the four seasons, typically regarded as spanning either the period between the winter solstice to the spring equinox, or the months of December, January, and February in temperate and polar regions of the Northern Hemisphere and the months of June, July, and August in the Southern Hemisphere. It is the time when the sun is lowest in the sky, resulting in short days, and	mùa đông	ok
B1	winter	verb	(intransitive) To spend the winter (in a particular place).	trú đông, qua mùa đông	ok
B1	winter	verb	(transitive) To store something (for instance animals) somewhere over winter to protect it from cold.	trữ qua đông, cất giữ qua mùa đông	ok
B2	absolute	adj	Complete, utter, outright; unmitigated, not qualified or diminished in any way.	hoàn toàn, tuyệt đối	ok
B2	absolute	adj	Free from imperfection, perfect, complete; especially, perfectly embodying a quality in its essential characteristics or to its highest degree.	hoàn hảo, hoàn thiện	ok
B2	absolute	adj	Free of restrictions, limitations, qualifications or conditions; unconditional.	tuyệt đối, không điều kiện	ok
B2	absolute	adj	Pure, free from mixture or adulteration; unmixed.	nguyên chất, tinh khiết	ok
B2	absolute	noun	(geometry) In a plane, the two imaginary circular points at infinity; in space of three dimensions, the imaginary circle at infinity.		
B2	absolute	noun	(philosophy, usually capitalized, usually preceded by "the") A realm which exists without reference to anything else; that which can be imagined purely by itself; absolute ego.	(triết học) cái Tuyệt đối	ok
B2	absolute	noun	(philosophy, usually capitalized, usually preceded by "the") The whole of reality; the totality to which everything is reduced; the unity of spirit and nature; God.	(triết học) cái Tuyệt đối, Thượng đế	ok
B2	absolute	noun	That which exists (or has a certain property, nature, size, etc) independent of references to other standards or external conditions; that which is universally valid; that which is not relative, conditional, qualified or mitigated.	chân lý tuyệt đối, điều tuyệt đối	ok
B2	activity	noun	(countable) Something done as an action or a movement.	hoạt động	ok
B2	activity	noun	(countable) Something done for pleasure or entertainment, especially one involving movement or an excursion.	hoạt động giải trí	ok
B2	activity	noun	(uncountable) The state or quality of being active; activeness.	hoạt động	sai nghĩa — đây là tính chất năng động/năng nổ (activeness), không phải danh từ chung "hoạt động"; nên là "tính năng động, sự năng nổ"
B2	activity	noun	The property of substances to react with other substances	(hoá học) hoạt tính	ok
B2	actress	noun	A female who performs on the stage or in films.	nữ diễn viên	ok
B2	adventure	noun	(uncountable) A feeling of desire for new and exciting things.	tinh thần phiêu lưu, khát khao mạo hiểm	ok
B2	adventure	noun	A daring feat; a bold undertaking, in which dangers are likely to be encountered, and the issue is staked upon unforeseen events; the encountering of risks.	mạo hiểm	ok
B2	adventure	noun	A mercantile or speculative enterprise of hazard; a venture; a shipment by a merchant on his own account.	vụ đầu cơ mạo hiểm	ok
B2	adventure	noun	A remarkable occurrence; a striking event.	phiêu lưu	ok
B2	adventure	verb	(intransitive) To risk oneself; to dare to go somewhere or undertake something.	mạo hiểm, liều lĩnh	ok
B2	adventure	verb	(transitive) To dare to say or utter.	dám nói, liều nói	ok
B2	adventure	verb	(transitive) To risk or hazard; jeopard.	liều, đánh liều	ok
B2	angle	noun	(media) The focus of a news story.	(truyền thông) góc độ (bài báo)	ok
B2	angle	noun	A change in direction.	khúc rẽ, chỗ ngoặt	ok
B2	angle	noun	A corner where two walls intersect.	góc tường, góc nhà	ok
B2	angle	noun	A fishhook; tackle for catching fish, consisting of a line, hook, and bait, with or without a rod.	lưỡi câu, cần câu	ok
B2	angle	noun	A viewpoint; a way of looking at something.	góc nhìn, quan điểm	ok
B2	angle	verb	(figurative, informal, with for) To attempt to subtly persuade someone to offer a desired thing.	(khẩu ngữ) gạ gẫm, khéo léo đòi	ok
B2	angle	verb	(intransitive, informal) To change direction rapidly.	(khẩu ngữ) rẽ ngoặt, đổi hướng đột ngột	ok
B2	angle	verb	(intransitive) To try to catch fish with a hook and line.	câu cá	ok
B2	angle	verb	(transitive, billiards) To hamper (oneself or one's opponent) by leaving the cue ball in the jaws of a pocket such that the surround of the pocket (the "angle") blocks the path from cue ball to object ball.		
B2	angle	verb	(transitive, informal) To present or argue something in a particular way or from a particular viewpoint.	trình bày theo góc độ riêng	thiếu nhãn khẩu ngữ — nên có "(khẩu ngữ)" như các nghĩa liền kề (angle for, angle: đổi hướng)
B2	angle	verb	(transitive, often in the passive) To place (something) at an angle.	đặt nghiêng, để chéo	ok
B2	apology	noun	A formal justification, defence.	(trang trọng) lời biện hộ, lời bào chữa	ok
B2	apology	noun	An expression of remorse or regret for having said or done something that harmed another: an instance of apologizing (saying that one is sorry).	lời xin lỗi	ok
B2	apology	noun	Anything provided as a substitute; a makeshift.	thứ tạm bợ, đồ thế tạm	ok
B2	atmosphere	noun	(figuratively) The apparent mood felt in an environment.	bầu không khí	ok
B2	atmosphere	noun	(figuratively) The conditions (such as music, illumination etc.) that can influence the mood felt in an environment.	không gian, khung cảnh	ok
B2	atmosphere	noun	The air in a particular place.	bầu không khí	ok
B2	atmosphere	noun	The gases surrounding the Earth or any astronomical body.	khí quyển	ok
B2	august	adj	Awe-inspiring, majestic, noble, venerable.	(trang trọng) uy nghi, tôn nghiêm	ok
B2	august	adj	Of noble birth.	cao quý, thuộc dòng dõi quý tộc	
B2	august	noun	Alternative form of auguste (“kind of clown”).		
B2	auntie	noun	(Asia, Africa, Australia, New Zealand) Term of familiarity or respect for a middle-aged or elderly woman.	cô, dì (cách gọi thân mật phụ nữ lớn tuổi)	
B2	auntie	noun	(endearing) Diminutive of aunt.	dì, cô (cách gọi thân mật)	
B2	auntie	noun	(Hong Kong) Female domestic helper.	(Hồng Kông) người giúp việc nữ	
B2	auntie	noun	(LGBTQ, slang, US) An elderly gay man.		
B2	auntie	verb	To be or behave like the aunt of.	cư xử như dì/cô của (ai đó)	
B2	backup	adj	(computing) That is intended as a backup.	(tin học) dự phòng, sao lưu	
B2	backup	adj	Standby, reserve or extra.	dự phòng, dự trữ	
B2	backup	adj	Supporting, reinforcing; (music) of or related to accompaniment	hỗ trợ, phụ trợ; (âm nhạc) đệm	
B2	backup	noun	(law enforcement, uncountable) Reinforcements.	(cảnh sát) lực lượng chi viện, quân tiếp viện	
B2	backup	noun	(uncountable, by extension) Any support or extra help.	sự hỗ trợ, sự trợ giúp	
B2	backup	noun	A reserve or substitute.	người/vật dự phòng, phương án dự phòng	
B2	backup	noun	An accumulation of material caused by a (partial) obstruction or (complete) blockage of the flow or movement of the material, or an accumulation of material that causes an overflow due to the flow being greater than the maximum possible flow.	sự ùn tắc, sự tràn ngược do tắc nghẽn	
B2	backup	verb	(computing, nonstandard) Alternative form of back up.	(tin học, không chuẩn) sao lưu	
B2	batman	noun	(by extension, informal) A personal assistant or supporter.	(thân mật) trợ lý riêng, người giúp việc thân tín	
B2	batman	noun	(historical units of measure) A Turkish unit of weight varying by location, time, and item from 2–8 okas (about 2.5–10 kg).		
B2	batman	noun	(military) A servant or valet to a military officer.	(quân sự) lính hầu, cần vụ	
B2	batman	noun	(Turkish units of measure) A unit of weight established in 1931 equal to 10 kg.		
B2	batman	noun	Coelostathma discopunctana, a moth of Eastern North America.		
B2	batman	verb	(slang, climbing) To climb up or down a rope free hand (i.e. as Batman does).	(leo núi, lóng) trèo/đu dây bằng tay không	
B2	batman	verb	To act as a batman, wait on an officer.	(quân sự) làm cần vụ, hầu hạ sĩ quan	
B2	behalf	noun	(when adopted by someone else) One's role or rightful place; stead or authority.		
B2	behalf	noun	The interest, benefit, or wellbeing of someone or something.	lợi ích, quyền lợi	
B2	belly	noun	stomach (an organ in animals that stores food in the process of digestion)	dạ dày, bụng	
B2	belly	noun	The abdomen (especially a fat one).	bụng, bụng phệ	
B2	belly	noun	The lower fuselage of an airplane.	(hàng không) phần bụng máy bay	
B2	belly	noun	The part of anything which resembles (either closely or abstractly) the human belly in protuberance or in concavity; often, the fundus (innermost part).	phần phình ra hoặc lõm vào (của một vật)	
B2	belly	verb	(intransitive) To swell and become protuberant; to bulge or billow.	phồng lên, phình ra	
B2	belly	verb	(transitive) To cause to swell out; to fill.	làm phồng lên, làm căng phồng	
B2	belly	verb	To position one’s belly; to move on one’s belly.	bò bằng bụng, trườn	
B2	beneath	adv	Below or underneath.	ở dưới, bên dưới	
B2	beneath	prep	Below.	dưới, bên dưới	
B2	beneath	prep	Covered up or concealed by something.	ẩn dưới, bị che giấu bên dưới	
B2	beneath	prep	In a position that is lower in rank, dignity, etc.	dưới, kém hơn (về địa vị, cấp bậc)	
B2	benefit	noun	(insurance) A payment made in accordance with an insurance policy or a public assistance scheme.	(bảo hiểm) khoản trợ cấp, tiền bồi thường	
B2	benefit	noun	An advantage; help or aid from something.	lợi ích, lợi thế	
B2	benefit	noun	An event, such as a theatrical performance, given to raise funds for some cause.	buổi biểu diễn gây quỹ từ thiện	
B2	benefit	noun	Intended audience (as for the benefit of).	lợi ích (của ai đó, trong cụm "for the benefit of")	
B2	benefit	verb	(intransitive) To receive a benefit (from); to be a beneficiary.	hưởng lợi, được lợi (từ)	
B2	benefit	verb	(transitive) To be or to provide a benefit to.	đem lại lợi ích cho, có lợi cho	
B2	beside	adv	(literary or poetic) Otherwise; else; in addition; besides.	(văn chương) hơn nữa, ngoài ra	
B2	beside	prep	Besides; in addition to.	ngoài, ngoài ra còn có	
B2	beside	prep	Next to; at the side of.	bên	ok
B2	beside	prep	Not relevant to.	không liên quan đến, lạc đề so với	
B2	bishop	noun	(Christianity) An overseer of congregations: either any such overseer, generally speaking, or (in Eastern Orthodoxy, Catholicism, Anglicanism, etc.) an official in the church hierarchy (actively or nominally) governing a diocese, supervising the church's priests, deacons, and property in its territory.	(Cơ Đốc giáo) giám mục	
B2	bishop	noun	A chief of the Festival of Fools or St. Nicholas Day.		
B2	bishop	noun	A flowering plant of the genus Bifora.		
B2	bishop	noun	Any of various African birds of the genus Euplectes; a kind of weaverbird closely related to the widowbirds.	(động vật) chim dệt châu Phi	
B2	bishop	verb	(by extension, of equestrianism) To make a horse seem younger, particularly by manipulation of its teeth.	(cưỡi ngựa) mài răng ngựa để giả làm ngựa non	
B2	bishop	verb	(Christianity) To act as a bishop, to perform the duties of a bishop, especially to confirm another's membership in the church.	(Cơ Đốc giáo) hành xử như giám mục; làm lễ thêm sức	
B2	bishop	verb	(Christianity) To make a bishop.	(Cơ Đốc giáo) phong làm giám mục	
B2	bishop	verb	(UK, dialectal) To permit food (especially milk) to burn while cooking (from bishops' role in the inquisition or as mentioned in the quotation below, of horses).	(Anh, phương ngữ) làm cháy (sữa) khi đun nấu	
B2	blah	adj	(informal) Dull; uninteresting; insipid.	(khẩu ngữ) nhạt nhẽo, chán ngắt	
B2	blah	adj	(informal) Low in spirit or health; down.	(khẩu ngữ) uể oải, chán nản	
B2	blah	noun	(informal, derogatory) A fool, an idiot.	(khẩu ngữ, xúc phạm) kẻ ngốc, đồ ngu	
B2	blah	noun	(informal, in the plural, the blahs) A general or ambiguous feeling of discomfort, dissatisfaction, uneasiness, boredom, mild depression, etc.	(khẩu ngữ) tâm trạng uể oải, buồn chán	
B2	blah	noun	(uncountable, informal) Nonsense; drivel; idle, meaningless talk.	(khẩu ngữ) lời vô nghĩa, lời sáo rỗng	
B2	blah	phrase	(When spoken repeatedly, often three times in succession: blah blah blah!) Imitative of idle, meaningless talk; used sometimes in a slightly derogatory manner to mock or downplay another's words, or to show disinterest in a diatribe, rant, instructions, unsolicited advice, parenting, etc. Also used when recalling and retelling another's words, as a substitute for the portions of the speech deemed	(khẩu ngữ) bla bla bla (nhại lời nói dài dòng, vô nghĩa)	
B2	blah	phrase	An expression of mild frustration.	(khẩu ngữ) chán quá, ôi chán	
B2	blah	phrase	Representing the sound of vomiting.	oẹ, oẹ oẹ (tiếng nôn mửa)	
B2	blah	verb	(intransitive) To utter idle, meaningless talk.	(khẩu ngữ) nói lải nhải, ba hoa	
B2	bush	adj	(colloquial) Not skilled; not professional; not major league.	(khẩu ngữ) nghiệp dư, thiếu chuyên nghiệp	
B2	bush	adv	(Australia) Towards the direction of the outback.	(Úc) về phía vùng bush, về phía vùng hoang dã	
B2	bush	noun	(baseball) Amateurish behavior, short for bush league behavior	(bóng chày) hành vi nghiệp dư, thiếu chuyên nghiệp	
B2	bush	noun	(Canada) A wood lot or bluff on a farm.	(Canada) khu rừng nhỏ trong trang trại	
B2	bush	noun	(chiefly Australia, New Zealand, South Africa, Canada, Alaska, often with “the”) Tracts of land covered in natural vegetation that are largely undeveloped and uncultivated, typically distinguished from absolute wilderness by implying a degree of marginal human engagement or proximity to settlement edges.	(Úc, NZ, Canada...) vùng hoang dã, vùng bụi rậm	
B2	bush	noun	(historical) A shrub or branch, properly, a branch of ivy (sacred to Bacchus), hung out at vintners' doors, or as a tavern sign; hence, a tavern sign, and symbolically, the tavern itself.	(cổ) biển hiệu quán rượu (cành cây treo trước cửa)	
B2	bush	noun	(horticulture) A woody plant distinguished from a tree by its multiple stems and lower height, being usually less than six metres tall; a horticultural rather than strictly botanical category.	cây bụi, bụi cây	
B2	bush	noun	(hunting) The tail, or brush, of a fox.	(săn bắn) đuôi cáo	
B2	bush	noun	A mechanical attachment, usually a metallic socket with a screw thread, such as the mechanism by which a camera is attached to a tripod stand.	bạc lót có ren, đế ren (gắn thiết bị)	
B2	bush	noun	A piece of copper, screwed into a gun, through which the venthole is bored.		
B2	bush	noun	A shrub cut off, or a shrublike branch of a tree.	cành cây bụi (bị cắt)	
B2	bush	noun	A thick washer or hollow cylinder of metal.	bạc lót, ống lót kim loại	
B2	bush	verb	(intransitive) To branch thickly in the manner of a bush.	mọc rậm rạp như bụi cây	
B2	bush	verb	(transitive) To furnish with a bush or lining; to line.	(kỹ thuật) lắp bạc lót, lót ống lót	
B2	bush	verb	To become bushy (often used with up).	trở nên rậm rạp, xù ra	
B2	bush	verb	To set bushes for; to support with bushes.	(nông nghiệp) cắm cành cây chống đỡ (cho cây leo)	
B2	bush	verb	To use a bush harrow on (land), for covering seeds sown; to harrow with a bush.	(nông nghiệp) bừa bằng cành cây (để lấp hạt giống)	
B2	capture	noun	An act of capturing; a seizing by force or stratagem.	sự bắt giữ, sự chiếm được	
B2	capture	noun	Something that has been captured; a captive.	vật/người bị bắt, tù binh	
B2	capture	noun	The recording or storage of something for later playback.	sự ghi lại, sự thu (để phát lại sau)	
B2	capture	noun	The securing of an object of strife or desire, as by the power of some attraction.	sự thu hút, sự lôi cuốn	
B2	capture	verb	(transitive, figurative) To take hold of.	nắm bắt, chiếm lấy, thu hút	
B2	capture	verb	(transitive) To reproduce convincingly.	tái hiện, lột tả (một cách chân thực)	
B2	capture	verb	(transitive) To store (as in sounds or image) for later revisitation.	ghi lại, lưu lại	
B2	capture	verb	(transitive) To take control of; to seize by force or stratagem.	bắt	ok
B2	chairman	noun	(historical) Someone whose job is to carry people in a portable chair, sedan chair, or similar conveyance.	(lịch sử) người khiêng kiệu	
B2	chairman	noun	A person presiding over a meeting.	chủ tịch	ok
B2	chairman	noun	The head of a corporate or governmental board of directors, a committee, or other formal entity.	chủ tịch	
B2	chairman	verb	To serve as chairman.	làm chủ tịch, giữ chức chủ tịch	
B2	chaos	noun	(fantasy) One of the two metaphysical forces of the world in some fantasy settings, as opposed to law.	(giả tưởng) hỗn mang (đối lập với trật tự)	
B2	chaos	noun	(mathematics) A behaviour of iterative non-linear systems in which arbitrarily small variations in initial conditions become magnified over time.	(toán học) tính hỗn loạn	
B2	chaos	noun	Any state of disorder; a confused or amorphous mixture or conglomeration.	hỗn loạn	ok
B2	chaos	noun	The unordered state of matter in classical accounts of cosmogony.	hỗn mang	
B2	charm	noun	(often in the plural) The ability to persuade, delight or arouse admiration.	sức quyến rũ, sự duyên dáng	
B2	charm	noun	A flock, group (especially of finches).	đàn (chim)	
B2	charm	noun	A small trinket on a bracelet or chain, etc., traditionally supposed to confer luck upon the wearer.	bùa may mắn (đồ trang sức nhỏ)	
B2	charm	noun	An object, act or words believed to have magic power (usually carries a positive connotation).	bùa, câu thần chú	
B2	charm	noun	The collective noun for a group of goldfinches.	đàn (chim)	
B2	charm	noun	The mixed sound of many voices, especially of birds or children.	tiếng ríu rít (của chim, trẻ em)	
B2	charm	verb	(transitive) To use a magical charm upon; to subdue, control, or summon by incantation or supernatural influence; to ensorcel or exert a magical effect on.	yểm bùa, dùng phép thuật	
B2	charm	verb	To protect with, or make invulnerable by, spells, charms, or supernatural influences.	bảo vệ bằng bùa chú	
B2	charm	verb	To seduce, persuade or fascinate someone or something.	quyến rũ, mê hoặc	
B2	charm	verb	To subdue or overcome by some secret power, or by that which gives pleasure; to allay; to soothe.	làm dịu, xoa dịu	
B2	chop	noun	(chiefly in the plural) A jaw of an animal.	hàm (động vật)	
B2	chop	noun	(colloquial, India, Hong Kong, Malaysia, Singapore, Brunei) A stamp or seal; a mark, imprint or impression on a document (or other object or material) made by stamping or sealing a design with ink or wax, respectively, or by other methods.	(khẩu ngữ) con dấu	
B2	chop	noun	(Internet) An IRC channel operator.	(Internet) quản trị viên kênh IRC	
B2	chop	noun	(martial arts) A blow delivered with the hand rigid and outstretched.	(võ thuật) cú chặt tay	
B2	chop	noun	A blow with an axe, cleaver, or similar implement.	nhát chặt, nhát chém	
B2	chop	noun	A complete shipment.	lô hàng đầy đủ	
B2	chop	noun	A cut of meat, often containing a section of a rib.	lát	sai nghĩa — "lát" nghĩa là lát mỏng (slice), không đúng với "chop" (miếng thịt có xương như sườn); nên là "miếng sườn, miếng thịt (có xương)"
B2	chop	noun	A licence or passport that has been sealed.	giấy thông hành đã đóng dấu	
B2	chop	noun	A mark indicating nature, quality, or brand.	nhãn hiệu, mác	
B2	chop	noun	A movable jaw or cheek, as of a vice.	hàm kẹp (êtô)	
B2	chop	noun	A turn of fortune; change; a vicissitude.	sự đổi vận, bước ngoặt	
B2	chop	noun	Ocean waves, generally caused by wind, distinguished from swell by being smaller and not lasting as long.	sóng gợn (do gió)	
B2	chop	noun	The land at each side of the mouth of a river, harbour, or channel.	bờ ở cửa sông	
B2	chop	verb	(informal) To fly a helicopter or be flown in a helicopter.	(khẩu ngữ) lái trực thăng, đi trực thăng	
B2	chop	verb	(nautical) To vary or shift suddenly.	(hàng hải) đổi hướng đột ngột	
B2	chop	verb	(transitive, colloquial, India, Hong Kong, Malaysia, Singapore, Brunei) To stamp or seal (a document); to mark, impress or otherwise place a design or symbol on paper or other material, usually, but not necessarily, to indicate authenticity.	(khẩu ngữ) đóng dấu	
B2	chop	verb	(transitive, figurative) To separate or divide.	chia cắt, phân chia	
B2	chop	verb	(transitive) To cut into pieces with short, vigorous cutting motions.	chặt	ok
B2	chop	verb	(transitive) to give a downward cutting blow or movement, typically with the side of the hand.	chặt (bằng cạnh bàn tay)	
B2	chop	verb	(transitive) To sever with an axe or similar implement.	chặt, đốn	
B2	chop	verb	To chap or crack.	nứt nẻ	
B2	chop	verb	To converse, discuss, or speak with another.	trò chuyện, nói chuyện	
B2	chop	verb	To seal a licence or passport.	đóng dấu (giấy tờ)	
B2	circus	noun	(figurative) A spectacle; a noisy fuss; a chaotic and/or crowded place.	(nghĩa bóng) cảnh hỗn loạn, sự náo loạn	
B2	circus	noun	(historical) In the ancient Roman Empire, a building for chariot racing.	(lịch sử) trường đua xe ngựa La Mã	
B2	circus	noun	A round open space in a town or city where multiple streets meet.	quảng trường tròn, bùng binh	
B2	circus	noun	A traveling company of performers that may include acrobats, clowns, trained animals, and other novelty acts, that gives shows usually in a circular tent.	đoàn xiếc, rạp xiếc	
B2	circus	verb	To take part in a circus; or to be displayed as if in a circus.	biểu diễn xiếc	
B2	citizen	noun	(Christianity) A resident of the heavenly city or (later) of the kingdom of God: a Christian; a good Christian.	(Cơ Đốc giáo) công dân nước thiên đàng	
B2	citizen	noun	A legally recognized member of a state, with associated rights and obligations; a person considered in terms of this role.	công dân	
B2	citizen	noun	A resident of a city or town, especially one with legally recognized rights or duties.	thị dân, cư dân thành phố	
B2	citizen	noun	An inhabitant or occupant: a member of any place.	cư dân, thành viên	
B2	clay	noun	A clay pipe for smoking tobacco.	tẩu thuốc bằng đất sét	
B2	clay	noun	A mineral substance made up of small crystals of silica and alumina, that is ductile when moist; the material of pre-fired ceramics.	đất sét	ok
B2	clay	noun	A moth, Mythimna ferrago		
B2	clay	noun	An earth material with ductile qualities.	đất sét	
B2	clay	verb	(transitive, of sugar) To purify using clay.		
B2	clay	verb	(transitive) To add clay to, to spread clay onto.		
B2	cloud	noun	(figurative) Anything unsubstantial.		
B2	cloud	noun	A visible mass of water droplets suspended in the air.	mây	ok
B2	cloud	noun	Any mass of dust, steam or smoke resembling such a mass.		
B2	cloud	noun	Anything which makes things foggy or gloomy.		
B2	cloud	verb	(intransitive) To become foggy or gloomy, or obscured from sight.		
B2	cloud	verb	(transitive) To make obscure.		
B2	cloud	verb	(transitive) To overspread or hide with a cloud or clouds.		
B2	cloud	verb	Of the breath, to become cloud; to turn into mist.		
B2	clown	noun	A clownfish.		
B2	clown	noun	A person who acts in a silly fashion.		
B2	clown	noun	A slapstick performance artist often associated with a circus and usually characterized by bright, oversized clothing, a red nose, face paint, and a brightly colored wig.		
B2	clown	noun	A stupid person.		
B2	clown	verb	(intransitive) To act in a silly or playful fashion.		
B2	clown	verb	(transitive, African-American Vernacular) To ridicule, make fun of.		
B2	colour	adj	Commonwealth and Ireland standard spelling of color.		
B2	colour	noun	Commonwealth and Ireland standard spelling of color.		
B2	colour	verb	Commonwealth and Ireland standard spelling of color.		
B2	comment	noun	(linguistics) The part of a sentence that provides new information regarding the current theme.		
B2	comment	noun	(programming) A remark embedded in source code in such a way that it will be ignored by the compiler or interpreter, typically to help people to understand the code.		
B2	comment	noun	(uncountable) The act of commenting.		
B2	comment	noun	A spoken or written remark.		
B2	comment	verb	(intransitive, with "on" or "about") To make remarks or notes; to express a view regarding.		
B2	comment	verb	(transitive, software, of code) To comment out (code); to disable by converting into a comment.		
B2	comment	verb	(transitive, software, of code) To insert comments into (source code).		
B2	comment	verb	(transitive) To remark.	bình luận	ok
B2	complain	verb	(intransitive) To express feelings of pain, dissatisfaction, or resentment.	phàn nàn	ok
B2	complain	verb	(intransitive) To make a formal accusation or bring a formal charge.	thưa kiện	ok
B2	complain	verb	To creak or squeak, as a timber or wheel.		
B2	confident	adj	Self-assured, self-reliant, sure of oneself.		
B2	confident	adj	Very sure of something; positive.		
B2	deaf	adj	Of or relating to the community of deaf people.		
B2	deaf	adj	Unable (or partially able) to hear.		
B2	deaf	adj	Unwilling to listen or be persuaded; determinedly inattentive.		
B2	defendant	adj	Serving, or suitable, for defense; defensive, defending.		
B2	defendant	noun	(law) In civil proceedings, the party responding to the complaint; one who is sued and called upon to make satisfaction for a wrong complained of by another.		
B2	defendant	noun	(law) In criminal proceedings, the accused.		
B2	discover	verb	(transitive, chess) To create by moving a piece out of another piece's line of attack.		
B2	discover	verb	(transitive, law) To question (a person) as part of discovery in a lawsuit.		
B2	discover	verb	(transitive) To find or learn something for the first time.		
B2	downtown	adj	Of, relating to, or situated in the central business district.		
B2	downtown	adv	(basketball) Outside the three-point line, or generally far from the basket.		
B2	downtown	adv	In or towards the central business district.	dưới phố	ok
B2	downtown	noun	(chiefly US, Canada) The main business part of a city or town, usually located at or near its center.		
B2	downtown	noun	(slang) Heroin.		
B2	downtown	noun	(US, slang) The human genitalia.		
B2	earl	noun	(entomology) Any of various nymphalid butterflies of the genus Tanaecia. Other butterflies in this genus are called counts and viscounts.		
B2	earl	noun	(nobility) A British or Irish nobleman next in rank above a viscount and below a marquess; equivalent to a European count. A female using the style is termed a countess.	bá tước	ok
B2	evidence	noun	Facts or signs that show whether something is true.	bằng chứng	ok
B2	exam	noun	(informal) Clipping of examination, especially when meaning “test” or in compound terms.		
B2	exam	verb	(sciences) Shortened form of examine		
B2	existence	noun	(Ontology) The state of being, existing, or occurring; beinghood.	tồn tại	ok
B2	existence	noun	Empirical reality; the substance of the physical universe. (Dictionary of Philosophy; 1968)		
B2	extreme	adj	Drastic, or of great severity.		
B2	extreme	adj	Excessive, or far beyond the norm.	cực đoan	ok
B2	extreme	adj	In the greatest or highest degree; intense.	cực đại	chưa sát nghĩa, "cực đại" là thuật ngữ toán học chỉ giá trị lớn nhất; nghĩa "intense" nên là "cực độ, tột độ"
B2	extreme	adj	Of a place, the most remote, farthest or outermost.	điểm cực	sai từ loại, đây là tính từ nhưng "điểm cực" là danh từ — nên là "xa nhất, tận cùng, cực"
B2	extreme	noun	(mathematics) Either of the two numbers at the ends of a proportion, as 1 and 6 in 1:2=3:6.		
B2	extreme	noun	A drastic expedient.		
B2	extreme	noun	Each of the things at opposite ends of a range or scale.		
B2	extreme	noun	The greatest or utmost point, degree, or condition.		
B2	fairy	adj	Like a fairy; fanciful, whimsical, delicate.		
B2	fairy	noun	(mythology) A mythical being of human form with magical powers, known in many sizes and descriptions, although often depicted in modern illustrations only as a small sprite with gauze-like wings, especially one that is female. Fairies are revered in some modern forms of paganism.	tiên nữ	ok
B2	fairy	noun	A legendary Chinese immortal.		
B2	fairy	noun	A member of two species of hummingbird in the genus Heliothryx.		
B2	fairy	noun	An enchantress, or creature of overpowering charm.		
B2	fantasy	noun	(literature) The literary genre generally dealing with themes of magic and the supernatural, imaginary worlds and creatures, etc.	kì ảo	ok
B2	fantasy	noun	(slang) The drug gamma-hydroxybutyric acid.		
B2	fantasy	noun	A fantastical design.		
B2	fantasy	noun	That which comes from one's imagination.		
B2	fantasy	verb	To conceive (something) mentally; to imagine.		
B2	fantasy	verb	To conceive mentally; to imagine.		
B2	fantasy	verb	To fantasize about something).		
B2	farewell	adj	Parting, valedictory, final.		
B2	farewell	noun	A departure; the act of leaving.		
B2	farewell	noun	A wish of happiness or safety at parting, especially a permanent departure.		
B2	farewell	phrase	Goodbye		
B2	farewell	verb	To bid farewell or say goodbye.		
B2	favourite	adj	(positive, high-register or archaic) Liked, cherished.		
B2	favourite	adj	(superlative) Most-liked. (In other words, [person]'s favorite [noun] = the [noun] that [person] likes the most.)		
B2	favourite	noun	(in the plural) A short curl dangling over the temples, fashionable in the reign of Charles II.		
B2	favourite	noun	A contestant or competitor thought most likely to win.		
B2	favourite	noun	A person or thing who enjoys special regard or favour.		
B2	favourite	noun	A person who is preferred or trusted above all others.		
B2	favourite	verb	(Internet) To add to one's list of favourite items on a website that allows users to compile such lists.		
B2	favourite	verb	(Internet) To bookmark.		
B2	favourite	verb	To favour.		
B2	fence	noun	(by extension) The place whence such a middleman operates.		
B2	fence	noun	A guard or guide on machinery.		
B2	fence	noun	A thin artificial barrier that separates two pieces of land or forms a perimeter enclosing the lands of a house, building, etc.	hàng rào	ok
B2	fence	noun	Skill in oral debate.		
B2	fence	verb	(intransitive, equestrianism) To jump over a fence.		
B2	fence	verb	(transitive) To defend or guard.		
B2	fence	verb	(transitive) To enclose, contain or separate by building fence.		
B2	fence	verb	(transitive) To engage in the selling or buying of stolen goods.		
B2	festival	adj	Pertaining to a feast or feast day; festive. (Now only as the noun used attributively.)		
B2	festival	noun	(biblical) A feast or feast day.		
B2	festival	noun	(Caribbean, Jamaica, uncountable) Fried cornbread.		
B2	festival	noun	An event or series of special events centred on the celebration or promotion of some theme or aspect of the community, often held at regular intervals.		
B2	festival	noun	In mythology, a set of celebrations in the honour of a god.		
B2	fifty	noun	(countable) A banknote or coin with a denomination of 50.		
B2	fifty	noun	(cricket) A batsman's score of at least 50 runs and less than 100 runs.		
B2	fifty	noun	The cardinal number occurring after forty-nine and before fifty-one.	năm mươi	ok
B2	flow	noun	(Scotland) A bog or mire, especially a rough, waterlogged one.		
B2	flow	noun	Movement in people or things characterized with a continuous motion, involving either a non solid mass or a multitude.		
B2	flow	noun	Smoothness or continuity.		
B2	flow	noun	The movement of a real or figurative fluid.		
B2	flow	noun	The rising movement of the tide.		
B2	flow	verb	(intransitive) To have or be in abundance; to abound, so as to run or flow over.		
B2	flow	verb	(intransitive) To move as a fluid from one position to another.	chảy	ok
B2	flow	verb	(intransitive) To move or match smoothly, gracefully, or continuously.		
B2	flow	verb	(intransitive) To proceed; to issue forth; to emanate.		
B2	footage	noun	(usually uncountable) An amount of film or tape that has been used to record something.		
B2	footage	noun	A measurement in feet.		
B2	foster	adj	Providing parental care to children not related to oneself.		
B2	foster	adj	Receiving such care.		
B2	foster	adj	Related by such care.		
B2	foster	noun	(countable, informal) A foster parent.		
B2	foster	noun	(uncountable) The care given to another; guardianship.		
B2	foster	verb	(transitive) To nurse or cherish something.		
B2	foster	verb	(transitive) To nurture or bring up offspring, or to provide similar parental care to an unrelated child.		
B2	foster	verb	(transitive) To promote the development of something; to cultivate and grow a thing.		
B2	frame	noun	A human body or the structure thereof; the size, shape, sturdiness etc. of a person's body as described in a certain way; one's build.		
B2	frame	noun	A rigid, generally rectangular mounting for paper, canvas or other flexible material.	khung	ok
B2	frame	noun	Anything composed of parts fitted and united together; a fabric; a structure.		
B2	frame	noun	The structural elements of a building or other constructed object.		
B2	frame	verb	(transitive) To bring or put into form or order; adjust the parts or elements of; compose; contrive; plan; devise.		
B2	frame	verb	(transitive) To construct by fitting together or uniting various parts; fabricate by union of constituent parts.		
B2	frame	verb	(transitive) To fit, as for a specific end or purpose; make suitable or comfortable; adapt; adjust.		
B2	frame	verb	(transitive) To put together the structural elements of (a constructed object such as a building).		
B2	gene	noun	(genetics) A theoretical unit of heredity of living organisms which may take several values and (in principle) predetermines a precise trait of an organism's form (phenotype), such as hair color.	gen	ok
B2	gene	noun	(molecular biology) A segment of DNA or RNA from a cell's or an organism's genome, that may take several forms and thus parameterizes a phenomenon, such as (often) the structure of a protein.		
B2	gray	adj	(sometimes figurative) Dreary, gloomy, cloudy.	buồn	chưa sát nghĩa, đây là "u ám, ảm đạm, tẻ nhạt" (thời tiết/không khí) chứ không đơn thuần là "buồn"
B2	gray	adj	Gray-haired.		
B2	gray	adj	Of a color between black and white, having neutral hue and intermediate brightness.		
B2	gray	adj	Of indistinct, disputed or uncertain quality or acceptability.		
B2	gray	noun	A gray whale, Eschrichtius robustus.		
B2	gray	noun	A gray wolf		
B2	gray	noun	An achromatic colour between black and white.	màu xám	ok
B2	gray	noun	An animal or thing of grey colour, such as a horse, badger, or salmon.	màu xám	sai nghĩa, nghĩa này chỉ "con vật/vật có màu xám" (ví dụ ngựa xám), không phải bản thân màu xám đã nêu ở dòng trên
B2	gray	noun	In the International System of Units, the derived unit of absorbed dose of radiation (radiation absorbed by a patient); one joule of energy absorbed per kilogram of the patient's mass.		
B2	gray	verb	(demography, slang) To turn progressively older, alluding to graying of hair through aging (used in context of the population of a geographic region)		
B2	gray	verb	(ergative) To turn gray.		
B2	gray	verb	(transitive, photography) To give a soft effect to (a photograph) by covering the negative while printing with a ground-glass plate.		
B2	grey	adj	(South Africa, slang) Synonym of coloured (pertaining to the mixed race of black and white).		
B2	grey	adj	Commonwealth standard spelling of gray.		
B2	grey	noun	Commonwealth standard spelling of gray.		
B2	grey	verb	Commonwealth standard spelling of gray.		
B2	habit	noun	(botany, mineralogy) Form of growth or general appearance and structure of a plant or crystal.		
B2	habit	noun	A long piece of clothing worn by monks and nuns.		
B2	habit	noun	A piece of clothing worn for a specific activity; a uniform.		
B2	habit	noun	An action performed on a regular basis.		
B2	habit	noun	An action performed repeatedly and automatically, usually without awareness.	thói quen	ok
B2	habit	noun	An addiction.	thói	chưa sát nghĩa, đây là "chứng nghiện" — "thói" quá chung chung, nên là "tật nghiện, thói nghiện"
B2	habit	verb	(transitive) To clothe.		
B2	helicopter	noun	(aircraft) An aircraft that is borne along by one or more sets of long rotating blades which allow it to hover, move in any direction including reverse, or land; and typically having a smaller set of blades on its tail to stabilize the aircraft.	máy bay lên thẳng	ok
B2	helicopter	noun	(dance) A breakdance move in which the dancer spins on the floor while extending the legs to resemble the blades of a helicopter.		
B2	helicopter	noun	A powered troweling machine with spinning blades used to spread concrete.		
B2	helicopter	noun	A whirling trick performed with devil sticks.		
B2	helicopter	verb	(intransitive) To travel by helicopter.		
B2	helicopter	verb	(transitive) To transport by helicopter.		
B2	helicopter	verb	To overprotect one's children, as a helicopter parent does.		
B2	helicopter	verb	To rotate like a helicopter blade.		
B2	homicide	noun	(countable, uncountable, crime) The killing of one person by another, whether premeditated or unintentional.		
B2	homicide	noun	(countable, US, police jargon) A victim of homicide; a person who has been unlawfully killed by someone else.		
B2	homicide	noun	(countable) A person who kills another.		
B2	homicide	noun	(uncountable, US) The department within a police force that investigates cases of homicide.		
B2	hood	adj	Relating to inner-city everyday life, both positive and negative aspects; especially people’s attachment to and love for their neighborhoods.		
B2	hood	noun	(African-American Vernacular, slang) A neighborhood.		
B2	hood	noun	(slang) Any poor suburb or neighbourhood.		
B2	hood	noun	(slang) Gangster, thug.		
B2	hood	noun	(UK) Person wearing a hoodie.		
B2	hood	noun	A covering for the head, usually attached to a larger garment such as a jacket or cloak.		
B2	hood	noun	A distinctively colored fold of material, representing a university degree.		
B2	hood	noun	An enclosure that protects something, especially from above.		
B2	hood	noun	Particular parts of conveyances		
B2	hood	verb	(intransitive, of skin and soft tissue) To grow over the eyelid but not the eye itself.		
B2	hood	verb	(transitive) To cover (something) with a hood.		
B2	hood	verb	(transitive) To extend out from (something), in the manner of a hood.		
B2	host	noun	(Christianity) The consecrated bread of the Eucharist.	bánh lễ	ok
B2	host	noun	A large number of items; a large inventory.	loạt	ok
B2	host	noun	A moderator or master of ceremonies for a performance.	chủ tế	sai nghĩa, "chủ tế" là người chủ trì nghi lễ tôn giáo, không phải người dẫn chương trình/MC
B2	host	noun	A multitude of people arrayed as an army; used also in religious senses, as: Heavenly host (of angels)	đạo quân	ok
B2	host	noun	A person or organization responsible for running an event.		
B2	host	noun	One that provides a facility for an event.		
B2	host	noun	One which receives or entertains a guest, socially, commercially, or officially.		
B2	host	verb	(computing, Internet) To run software made available to a remote user or process.		
B2	host	verb	To perform the role of a host.	đăng cai	nghĩa hẹp, "đăng cai" chỉ dùng cho việc đăng cai sự kiện/giải đấu, không bao quát nghĩa chung "làm chủ nhà/dẫn chương trình"
B2	humanity	noun	(countable) Any academic subject belonging to the humanities.		
B2	humanity	noun	(uncountable) Humankind; human beings as a group.		
B2	humanity	noun	(uncountable) The human condition or nature.		
B2	humanity	noun	(uncountable) The quality of being benevolent; humane traits of character; humane qualities or aspects.	nhân tính	ok
B2	impact	noun	(chiefly medicine) A forced impinging.		
B2	impact	noun	(figurative, proscribed) A significant or strong influence or effect.		
B2	impact	noun	The force or energy of a collision of two objects.	va chạm	ok
B2	impact	noun	The striking of one body against another; collision.		
B2	impact	verb	(transitive, figurative, proscribed) To significantly or strongly influence or affect; to have an impact on.		
B2	impact	verb	(transitive) To collide or strike, the act of impinging.		
B2	impact	verb	(transitive) To compress; to compact; to press into something or pack together.		
B2	individual	adj	Intended for a single person as opposed to more than one person.		
B2	individual	adj	Not divisible without losing its identity.		
B2	individual	adj	Relating to a single person or thing as opposed to more than one.		
B2	individual	noun	(law) A single physical human being as a legal subject, as opposed to a legal person such as a corporation.		
B2	individual	noun	(statistics) An element belonging to a population.		
B2	individual	noun	A person considered alone, rather than as belonging to a group of people.	cá nhân	ok
B2	individual	noun	An object, be it a thing or an agent, as contrasted to a class.		
B2	intelligent	adj	Characterized by thoughtful interaction.		
B2	intelligent	adj	Having at least a similar level of brain power to humankind.		
B2	intelligent	adj	Of high or especially quick cognitive capacity, bright.	thông minh	ok
B2	intelligent	adj	Well thought-out, well considered.		
B2	intelligent	noun	A member of the intelligentsia; an intelligent person.		
B2	intense	adj	Of a characteristic: extreme or very high or strong in degree; severe; also, excessive, towering.		
B2	intense	adj	Of a person: very emotional or passionate.		
B2	intense	adj	Of a thing: possessing some characteristic to an extreme or very high or strong degree.		
B2	intense	adj	Of feelings, thoughts, etc.: strongly focused; ardent, deep, earnest, passionate.		
B2	investigate	verb	(intransitive) To conduct an inquiry or examination.		
B2	investigate	verb	(transitive) To examine, look into, or scrutinize in order to discover something hidden or secret.	điều tra	ok
B2	investigate	verb	(transitive) To inquire into or study in order to ascertain facts or information.		
B2	invitation	noun	(fencing) A line that is intentionally left open to encourage the opponent to attack.		
B2	invitation	noun	A document or verbal message conveying an invitation.		
B2	invitation	noun	Allurement; enticement.		
B2	invitation	noun	The act of inviting; solicitation; the requesting of a person's company.	lời mời	ok
B2	jeez	phrase	Alternative spelling of geez.		
B2	judgment	noun	(law) The act of determining, as in courts of law, what is conformable to law and justice; also, the determination, decision, or sentence of a court, or of a judge.		
B2	judgment	noun	The act of judging.		
B2	judgment	noun	The conclusion or result of judging; an opinion; a decision.		
B2	judgment	noun	The power or faculty of performing such operations; especially, when unqualified, the faculty of judging or deciding rightly, justly, or wisely.		
B2	kit	noun	(by extension) A cat in general.		
B2	kit	noun	A circular wooden vessel, made of hooped staves.		
B2	kit	noun	A collection of items forming the equipment of a soldier, carried in a knapsack.		
B2	kit	noun	A kind of basket made especially from straw of rushes, especially for holding fish; by extension, the contents of such a basket or similar container, used as a measure of weight.		
B2	kit	noun	A kit fox (Vulpes macrotis).		
B2	kit	noun	A kitten (young cat).		
B2	kit	noun	A school of pigeons, especially domesticated, trained pigeons.		
B2	kit	noun	A young fox.		
B2	kit	noun	Any collection of items needed for a specific purpose, especially for use by a workman, or personal effects packed for travelling.		
B2	kit	noun	Synonym of kit violin.		
B2	kit	verb	(transitive) To assemble or collect something into kits.		
B2	kit	verb	(transitive) To equip (somebody) with something.		
B2	knight	noun	(by extension) An armored and mounted warrior of the Middle Ages.		
B2	knight	noun	(historical) A minor nobleman with an honourable military rank who had served as a page and squire.		
B2	knight	noun	(historical) A young servant or follower; a trained military attendant in service of a lord.		
B2	knight	noun	(modern) A person on whom a knighthood has been conferred by a monarch.		
B2	knight	verb	(chess, transitive) To promote (a pawn) to a knight.		
B2	knight	verb	(transitive) To confer knighthood upon.		
B2	laundry	noun	A business whose primary purpose is to conceal the origins of money received illegally.		
B2	laundry	noun	A laundering; a washing.		
B2	laundry	noun	A place or room where laundering is done - including, by extension, other forms of laundering than clothes washing.	phòng giặt là	ok
B2	laundry	noun	That which needs to be, is being, or has been laundered.		
B2	lend	noun	(anatomy, UK dialectal) The lumbar region; loin.		
B2	lend	noun	(chiefly dialectal, with "the") Loan (permission to borrow (something)).		
B2	lend	noun	(UK dialectal, of a person or animal) The loins; flank; buttocks.		
B2	lend	verb	(intransitive) To make a loan.		
B2	lend	verb	(reflexive) To be suitable or applicable, to fit.		
B2	lend	verb	(transitive) To allow to be used by someone temporarily, on condition that it or its equivalent will be returned.		
B2	lend	verb	To afford; to grant or furnish in general.		
B2	limit	adj	(poker) Being a fixed limit game.		
B2	limit	noun	(category theory) The cone of a diagram through which any other cone of that same diagram can factor uniquely.		
B2	limit	noun	(poker) Fixed limit.		
B2	limit	noun	A restriction; a bound beyond which one may not go or proceed.		
B2	limit	noun	The final, utmost, or furthest point; the border or edge.		
B2	limit	verb	(mathematics, intransitive) To have a limit in a particular set.		
B2	limit	verb	(transitive) To restrict; to circumscribe; not to allow to go beyond a certain bound, to set boundaries.	hạn chế	ok
B2	lousy	adj	(colloquial, usually with with) Filled or packed (with something, usually bad).		
B2	lousy	adj	(colloquial) Unwanted and often unpleasant.		
B2	lousy	adj	(colloquial) Unwell; under the weather.		
B2	lousy	adj	Infested with lice.		
B2	loyal	adj	Faithful to a person or cause.		
B2	loyal	adj	Firm in allegiance to a person or institution; allegiant.	trung thành	ok
B2	loyal	adj	Having or demonstrating undivided and constant support for someone or something.		
B2	meantime	adv	During the interval; meanwhile.		
B2	meantime	noun	The time spent waiting for another event; time in between.		
B2	meanwhile	adv	During an intervening time; from now until a future time.		
B2	meanwhile	adv	During the time that something is happening, often specifically in a different place.		
B2	meanwhile	adv	In contrast to aspects previously mentioned.		
B2	meanwhile	noun	The time between two events.		
B2	mickey	adj	(Australia, informal) Short for Mickey Mouse (“excellent, grouse”).		
B2	mickey	noun	(chiefly Canada, informal) A small bottle of liquor, such as whiskey, usually holding 375 millilitres (13.2 imperial fluid ounces; 12.7 U.S. fluid ounces), typically shaped to fit in one's pocket.		
B2	mickey	noun	(computing) The smallest distance that a computer mouse can move a cursor on a screen, which is used to measure the device's resolution or sensitivity.		
B2	mickey	noun	A young bull, especially one which is unbranded and running wild; a bullock.		
B2	mickey	noun	The noisy miner (Manorina melanocephala), a honeyeater endemic to eastern and southeastern Australia.		
B2	mickey	verb	(transitive) Sometimes followed by up: short for mickey-finn (“to drug (someone) with a Mickey Finn (“an alcoholic or non-alcoholic drink deliberately doctored with a drug intended to quickly render the drinker unconscious”); to secretly put a drug into (someone's drink) to render them unconscious”).		
B2	minor	adj	Lesser, smaller in importance, size, degree, seriousness, or significance compared to another option, particularly:		
B2	minor	noun	(Australian football) Synonym of behind: a one-point kick.		
B2	minor	noun	(Catholicism) Alternative letter-case form of Minor: a Franciscan friar, a Clarist nun.		
B2	minor	noun	(ice hockey) Ellipsis of minor penalty (“a penalty requiring a player to leave the ice for 2 minutes unless the opposing team scores”).		
B2	minor	noun	A lesser person or thing, a person, group, or thing of minor rank or in the minor leagues.		
B2	minor	verb	Used in a phrasal verb: minor in.		
B2	monitor	noun	A device that detects and informs on the presence, quantity, etc., of something.		
B2	monitor	noun	A monitor lizard (Varanus spp. and extinct relatives in family Varanidae).		
B2	monitor	noun	A studio monitor or loudspeaker.		
B2	monitor	noun	Someone who watches over something; a person in charge of something or someone.		
B2	monitor	verb	(transitive) To watch over; to guard.	giám sát	ok
B2	monk	noun	(colloquial) A monkey.		
B2	monk	noun	A male member of a monastic order who has devoted his life for religious service.		
B2	monk	noun	A South American monkey (Pithecia monachus); also applied to other species, as Cebus xanthosternos.		
B2	monk	noun	In earlier usage, an eremite or hermit devoted to solitude, as opposed to a cenobite, who lived communally.		
B2	monk	noun	The bullfinch, common bullfinch, European bullfinch, or Eurasian bullfinch (Pyrrhula pyrrhula).		
B2	monk	verb	To act like a monk; especially to be contemplative.		
B2	monk	verb	To be a monk.		
B2	monk	verb	To be intoxicated or confused.		
B2	monk	verb	To monkey or meddle; to behave in a manner that is not systematic.		
B2	motive	adj	Causing motion; having power to move, or tending to move		
B2	motive	adj	Relating to motion and/or to its cause		
B2	motive	noun	(British) A party, gathering, or get-together.		
B2	motive	noun	(British) One's plans for the day or night.		
B2	motive	noun	(law) Something which causes someone to want to commit a crime; a reason for criminal behaviour.		
B2	motive	noun	An incentive to act in a particular way; a reason or emotion that makes one want to do something; anything that prompts a choice of action.		
B2	motive	verb	(transitive) To prompt or incite by a motive or motives; to move.		
B2	mouse	noun	(boxing) A facial hematoma or black eye.		
B2	mouse	noun	(loosely) Any of many rodent families (especially Muridae) that have a small body and a long tail.		
B2	mouse	noun	A match used in firing guns or blasting.		
B2	mouse	noun	A quiet or shy person.		
B2	mouse	verb	(intransitive, computing) To navigate by means of a computer mouse.		
B2	mouse	verb	(intransitive) To hunt or catch mice (the rodents), usually of cats. [from 12th c.]		
B2	mouse	verb	(intransitive) To move cautiously or furtively, in the manner of a mouse (the rodent) (frequently used in the phrasal verb to mouse around).		
B2	mouse	verb	(transitive, nautical) To close the mouth of a hook by a careful binding of marline or wire.		
B2	mud	noun	(figuratively) Willfully abusive, even slanderous remarks or claims, notably between political opponents.		
B2	mud	noun	(historical) A kind of box traditionally used in the Netherlands for measuring muds.		
B2	mud	noun	(historical) A traditional Dutch unit of dry measure of variable size, frequently about 3 bushels.		
B2	mud	noun	(historical) A traditional Dutch unit of land area, vaguely reckoned as the amount of land required to sow a mud of seed.		
B2	mud	noun	(LGBTQ) Stool that is exposed as a result of anal sex.		
B2	mud	noun	A mixture of water and soil or fine grained sediment.		
B2	mud	noun	A plaster-like mixture used to texture or smooth drywall.		
B2	mud	verb	(intransitive, Internet) To participate in a MUD or multi-user dungeon.		
B2	mud	verb	(intransitive) To go under the mud, as an eel does.		
B2	mud	verb	(transitive) To make muddy or dirty; to apply mud to (something).		
B2	mud	verb	(transitive) To make turbid.		
B2	nearby	adj	Adjacent, near, close by.	gần	ok
B2	nearby	adv	Next to, close to.	gần	ok
B2	nearby	noun	(finance) A futures contract, of a particular group, whose settlement date is the earliest.		
B2	noon	noun	(figurative) The highest point; culmination.		
B2	noon	noun	The letter ن in the Arabic script.		
B2	noon	noun	The time of day when the Sun seems to reach its highest point in the sky; solar noon.		
B2	noon	verb	(intransitive) To relax or sleep around midday.		
B2	occasion	noun	A favorable opportunity; a convenient or timely chance.		
B2	occasion	noun	An occurrence or state of affairs which causes some event or reaction; a motive or reason.		
B2	occasion	noun	Something which causes something else; a cause.		
B2	occasion	noun	The time when something happens.		
B2	occasion	verb	(transitive) To cause; to produce; to induce		
B2	offense	noun	(team sports) A strategy and tactics employed when in position to score; contrasted with defense.		
B2	offense	noun	(team sports) The portion of a team dedicated to scoring when in position to do so; contrasted with defense.		
B2	offense	noun	The act of offending.		
B2	offense	noun	The state of being offended or displeased; anger; displeasure.		
B2	organization	noun	(countable) A group of people consciously cooperating.		
B2	organization	noun	(countable) A group of people or other legal entities with an explicit purpose and written rules.	tổ chức	ok
B2	organization	noun	(uncountable) The quality of being organized.	tổ chức	sai nghĩa, đây là "tính có tổ chức, sự ngăn nắp" (một phẩm chất) chứ không phải "tổ chức" (thực thể) như dòng trên
B2	organization	noun	(uncountable) The way in which something is organized, such as a book or an article.		
B2	ouch	noun	(informal) Something that causes discomfort or pain.		
B2	ouch	noun	Alternative form of ouche.		
B2	ouch	phrase	A reply to an insult seen as savage (frequently one that is tongue-in-cheek or joking).		
B2	ouch	phrase	An expression in sympathy at another's pain.		
B2	ouch	phrase	An expression of disappointment.		
B2	ouch	phrase	An expression of one's own physical pain.	úi da	ok
B2	ouch	verb	(intransitive) To exclaim "ouch!" in discomfort or pain.		
B2	oxygen	noun	(countable) An atom of this element.		
B2	oxygen	noun	(figurative) A condition or environment in which something can thrive.		
B2	oxygen	noun	(loose but very common, even in formal use) Molecular oxygen (O₂), a colorless, odorless gas at room temperature.		
B2	oxygen	noun	The chemical element (symbol O) with an atomic number of 8 and relative atomic mass of 15.9994. It is a colorless and odorless gas. Sometimes called elemental oxygen to distinguish it from molecular oxygen.	ôxy	ok
B2	paradise	noun	(Abrahamic religions) A garden where Adam and Eve first lived after being created.		
B2	paradise	noun	(chiefly religion) The place where sanctified souls are believed to live after death.		
B2	paradise	noun	(figuratively) A very pleasant place, such as a place full of lush vegetation.		
B2	paradise	noun	(figuratively) An ideal place for a specified type of person, activity, etc.		
B2	paradise	verb	To place (as) in paradise.		
B2	passport	noun	(by extension, informal) Any document that allows entry or passage.		
B2	passport	noun	(figurative) Something which enables someone to do or achieve something.		
B2	passport	noun	An identification document used by firefighters, collected when they enter a dangerous area and returned when they leave, to keep track of who is still in the area.		
B2	passport	noun	An official document normally used for international journeys, which proves the identity and nationality of the person for whom it was issued.		
B2	passport	verb	Providing the legal requirements to enable or legitimize cross-border economic activity.		
B2	passport	verb	To enable eligibility for a benefit automatically based on eligibility for a different benefit.		
B2	passport	verb	To regulate how money given to a local authority must be spent.		
B2	pat	adj	(slang) Upper-class, nobby.		
B2	pat	adj	Exactly suitable, fitting, apt; timely, convenient, opportune, ready for the occasion; especially of things spoken.		
B2	pat	adj	Trite, being superficially complete, lacking originality.		
B2	pat	adv	Opportunely, in a timely or suitable way.		
B2	pat	adv	Perfectly.		
B2	pat	adv	Straight, right, exactly, precisely.		
B2	pat	noun	(knitting) Clipping of pattern.		
B2	pat	noun	A flattish lump of soft matter, especially butter or dung.		
B2	pat	noun	A light tap or slap, especially with the hands.		
B2	pat	noun	Clipping of patent.		
B2	pat	noun	The sound of a light slap or tap with a soft flat object, especially of a footstep.		
B2	pat	verb	(UK, Australia, New Zealand, South Africa) To stroke or fondle (an animal). Compare pet.		
B2	pat	verb	To (gently) tap the flat of one's hand on a person or thing.		
B2	pat	verb	To gently rain.		
B2	pat	verb	To hit lightly and repeatedly with the flat of the hand to make smooth or flat		
B2	patrol	noun	(law enforcement) The largest division of officers within a police department or sheriff's office, whose assignment is to patrol and respond to calls for service.		
B2	patrol	noun	(military) A going of the rounds along the chain of sentinels and between the posts, by a guard, usually consisting of three or four men, to insure greater security from attacks on the outposts.	việc tuần tra	ok
B2	patrol	noun	(scouting) A unit of a troop, usually defined by certain ranks or age groups within the troop, and ideally comprised of six to eight members.		
B2	patrol	noun	Any perambulation of a particular line or district to guard it; also, the people thus guarding.		
B2	patrol	verb	(intransitive) To go the rounds along a chain of sentinels; to traverse a police district or beat.		
B2	patrol	verb	(transitive) To go the rounds of, as a sentry, guard, or policeman	đi tuần	ok
B2	personality	noun	An assumed role or manner of behavior.		
B2	personality	noun	Of inanimate or abstract things, a set of qualities that make something distinctive or interesting.		
B2	personality	noun	Of people, a set of non-physical psychological and social qualities that make one person distinct from another.		
B2	personality	noun	Of people, charisma; qualities that make a person stand out from the crowd.		
B2	photograph	noun	(photography) A picture created by projecting an image onto a photosensitive surface such as a chemically treated plate or film, CCD receptor, etc.	hình	ok
B2	photograph	verb	(intransitive) To appear in a photograph.		
B2	photograph	verb	(transitive, figurative) To fix permanently in the memory etc.		
B2	photograph	verb	(transitive, intransitive) To take a photograph (of).	chụp ảnh	ok
B2	pipe	noun	Meanings relating to a container.		
B2	pipe	noun	Meanings relating to a hollow conduit.		
B2	pipe	noun	Meanings relating to a wind instrument.		
B2	pipe	noun	Meanings relating to something resembling a tube.		
B2	pipe	verb	(ambitransitive) To play (music) on a pipe instrument, such as a bagpipe or a flute.		
B2	pipe	verb	(intransitive) Of a queen bee: to make a high-pitched sound during certain stages of development.		
B2	pipe	verb	(intransitive) To emit or have a shrill sound like that of a pipe; to whistle.		
B2	pipe	verb	(intransitive) To shout loudly and at high pitch.		
B2	pit	noun	(informal) A pit bull terrier.		
B2	pit	noun	(military) The core of an implosion nuclear weapon, consisting of the fissile material and any neutron reflector or tamper bonded to it.		
B2	pit	noun	(motor racing) An area at a racetrack used for refueling and repairing the vehicles during a race.		
B2	pit	noun	(Northern US) A seed inside a fruit; a stone or pip inside a fruit.		
B2	pit	noun	(trading) A trading pit.		
B2	pit	noun	A hole in the ground.	hố	ok
B2	pit	noun	A mine.		
B2	pit	verb	(intransitive, motor racing) To return to the pits during a race for refuelling, tyre changes, repairs etc.		
B2	pit	verb	(transitive) To bring (something) into opposition with something else.		
B2	pit	verb	(transitive) To make pits in; to mark with little hollows.		
B2	pit	verb	(transitive) To put (an animal) into a pit for fighting.		
B2	pit	verb	(transitive) To remove the stone from a stone fruit or the shell from a drupe.		
B2	pit	verb	To use the PIT maneuver, especially during a car chase.		
B2	pitch	adj	(of a black color) Intense, deep, dark.		
B2	pitch	adj	Very dark black; pitch-black.		
B2	pitch	noun	(geology) Pitchstone.		
B2	pitch	noun	(music, phonetics) The perceived frequency of a sound, note or electromagnetic wave.		
B2	pitch	noun	(music) In an a cappella group, the singer responsible for singing a note for the other members to tune themselves by.		
B2	pitch	noun	(music) The standard to which a group of musical instruments are tuned or in which a piece is performed, usually by reference to the frequency to which the musical note A above middle C is tuned.		
B2	pitch	noun	A dark, extremely viscous material still remaining after distilling crude oil or natural tar.		
B2	pitch	noun	A sticky, gummy substance secreted by trees; sap.		
B2	pitch	noun	A throw; a toss; a cast, as of something from the hand.		
B2	pitch	noun	An effort to sell or promote something.		
B2	pitch	noun	The angle at which an object sits.		
B2	pitch	noun	The distance between evenly spaced objects, e.g. the teeth of a saw or gear, the turns of a screw thread, the centres of holes, or letters in a monospace font.		
B2	pitch	verb	(intransitive) To produce a note of a given pitch.		
B2	pitch	verb	(transitive) To deliver in a certain tone or style, or with a certain audience in mind.		
B2	pitch	verb	(transitive) To fix or set the tone of.		
B2	pitch	verb	(transitive) To promote, advertise, or attempt to sell.		
B2	pitch	verb	(transitive) To throw away; discard.		
B2	pitch	verb	(transitive) To throw.		
B2	pitch	verb	To cover or smear with pitch.		
B2	pitch	verb	To darken; to blacken; to obscure.		
B2	policeman	noun	(chemistry) A glass rod capped at one end with rubber, used in a chemistry laboratory for gravimetric analysis.		
B2	policeman	noun	(entomology) Any skipper of the genus Coeliades.		
B2	policeman	noun	(ice hockey) Synonym of enforcer.		
B2	policeman	noun	(law enforcement) A police officer, usually a male.		
B2	pope	noun	(alcoholic beverages) Any mulled wine (traditionally including tokay) considered similar and superior to bishop.		
B2	pope	noun	(British) The ruffe, a small Eurasian freshwater fish (Gymnocephalus cernua); others of its genus.		
B2	pope	noun	(Coptic Orthodoxy) An honorary title of the Coptic bishop of Alexandria as father and head of his church.		
B2	pope	noun	(Eastern Orthodoxy) An honorary title of the Orthodox bishop of Alexandria as father and head of his autocephalous church.		
B2	pope	noun	(Roman Catholicism and generally) An honorary title of the Roman Catholic bishop of Rome as father and head of his church, a sovereign of the Vatican city state.		
B2	pope	noun	(Russian Orthodoxy) Alternative form of pop, a Russian Orthodox priest.		
B2	pope	verb	(intransitive or with 'it') To act as or like a pope.		
B2	pope	verb	(intransitive, colloquial) To convert to Roman Catholicism.		
B2	prevent	verb	(transitive) To stop (an outcome); to keep from (doing something).		
B2	previous	adj	(informal) Premature; acting or occurring too soon.		
B2	previous	adj	(not comparable) Prior; occurring before something else, either in time or order.	qua	gloss mơ hồ, "qua" không tự đứng làm tính từ nghĩa "trước đó" (thường hậu vị: tuần qua), dễ nhầm với "qua" = đi qua
B2	previous	noun	(informal, UK) A record of previous hostility or conflict (between people).		
B2	previous	noun	(informal, UK) A track record of similar behaviour, especially bad behaviour.		
B2	previous	noun	(informal, UK) An existing criminal record (short for "previous convictions")		
B2	procedure	noun	(uncountable) The set of established forms or methods of an organized body for accomplishing a certain task or tasks.		
B2	procedure	noun	A particular method for performing a task.	phương pháp	ok
B2	procedure	noun	A series of small tasks or steps taken to accomplish an end.		
B2	procedure	noun	The steps taken in an action or other legal proceeding.		
B2	produce	noun	(Australia) Livestock and pet food supplies.		
B2	produce	noun	Harvested agricultural goods collectively, especially vegetables and fruit, but possibly including eggs, dairy products and meat; the saleable food products of farms.		
B2	produce	noun	Offspring.		
B2	produce	noun	That which is produced.		
B2	produce	verb	(intransitive) To make or yield something.		
B2	produce	verb	(transitive, media) To sponsor and present (a motion picture, etc) to an audience or to the public.		
B2	produce	verb	(transitive) To bring forth, to yield, make, manufacture, or otherwise generate.		
B2	produce	verb	(transitive) To make (a thing) available to a person, an authority, etc.; to provide for inspection.		
B2	pulse	noun	(figuratively) A beat or throb; also, a repeated sequence of such beats or throbs.		
B2	pulse	noun	(figuratively) The focus of energy or vigour of an activity, place, or thing; also, the feeling of bustle, busyness, or energy in a place; the heartbeat.		
B2	pulse	noun	(uncountable) Annual leguminous plants (such as beans, lentils, and peas) yielding grains or seeds used as food for humans or animals; (countable) such a plant; a legume.		
B2	pulse	noun	(uncountable) Edible grains or seeds from leguminous plants, especially in a mature, dry condition; (countable) a specific kind of such a grain or seed.		
B2	pulse	noun	A normally regular beat felt when arteries near the skin (for example, at the neck or wrist) are depressed, caused by the heart pumping blood through them; the qualitative nature of this beat.		
B2	pulse	noun	The rate of this beat as an indication of a person's health.		
B2	pulse	verb	(intransitive, chiefly figuratively and literary) To expand and contract repeatedly, like an artery when blood is flowing though it, or the heart; to beat, to throb, to vibrate, to pulsate.		
B2	pulse	verb	(transitive, also figuratively) To emit or impel (something) in pulses or waves.		
B2	pulse	verb	To apply an electric current or signal that varies in strength to (something).		
B2	pulse	verb	To manipulate (an electric current, electromagnetic wave, etc.) so that it is emitted in pulses.		
B2	punk	adj	(US, colloquial) Worthless, contemptible, particularly		
B2	punk	adj	Of or concerning punk rock or its associated subculture.		
B2	punk	noun	(countable, US, slang) A worthless person, particularly:		
B2	punk	noun	(countable) A follower of any of these movements, including:		
B2	punk	noun	(countable) A utensil for lighting wicks or fuses (such as those of fireworks) resembling stick incense.		
B2	punk	noun	(countable) One who engages in sexual intercourse, particularly:		
B2	punk	noun	(uncountable) A group of associated musical, artistic and social movements emerging out of the counterculture in the 1970s:		
B2	punk	noun	(uncountable) Any material used as tinder for lighting fires, such as agaric, dried wood, or touchwood, but especially wood altered by certain fungi.		
B2	punk	verb	(especially with "out") To give up or concede; to act like a wimp.		
B2	punk	verb	(slang, transitive) To forcibly perform anal sex upon (an unwilling partner).		
B2	punk	verb	(slang) To pimp.		
B2	punk	verb	(transitive, often with "out" or "up") To adapt or embellish in the style of the punk movement.		
B2	reasonable	adj	Just; fair; agreeable to reason.	hợp lí	ok
B2	reasonable	adj	Not excessive or immoderate; within due limits; proper.		
B2	reasonable	adj	Not expensive; fairly priced.		
B2	reasonable	adj	Satisfactory.		
B2	relief	adj	(of a surface) Characterized by surface inequalities.		
B2	relief	adj	Of or used in letterpress.		
B2	relief	noun	(countable) A sculpture or other artwork made with such a method.		
B2	relief	noun	(uncountable) A method of sculpture or other artwork in which shapes or figures protrude from a flat background.		
B2	relief	noun	Release from a post or duty, as when replaced by another.		
B2	relief	noun	The apparent difference in elevation in the surface of a painting or drawing made noticeable by a variation in light or color.		
B2	relief	noun	The difference of elevations on a surface.		
B2	relief	noun	The feeling associated with the removal of stress or discomfort.		
B2	relief	noun	The person who takes over a shift for another.		
B2	relief	noun	The removal of stress or discomfort.		
B2	represent	verb	(by extension) To present again, possibly in an altered form.		
B2	represent	verb	(medicine) To present again, for instance for medical attention.		
B2	represent	verb	(transitive) To portray by mimicry or acting; to act the part or character of		
B2	represent	verb	(transitive) To portray visually; to delineate		
B2	represent	verb	(transitive) To present again or anew; to present by means of something standing in the place of; to exhibit the counterpart or image of; to typify.		
B2	represent	verb	(transitive) To stand or act in the place of; to perform the duties, exercise the rights, or otherwise act on behalf of		
B2	research	noun	Careful and systematic study done to discover new facts.	nghiên cứu	ok
B2	resist	noun	A protective coating or covering.		
B2	resist	verb	(intransitive) To oppose; to refuse to accept.		
B2	resist	verb	(transitive) To attempt to counter the actions or effects of.		
B2	resist	verb	(transitive) To withstand the actions of.		
B2	respond	noun	(architecture) A half-pillar, pilaster, or any corresponding device engaged in a wall to receive the impost of an arch.		
B2	respond	noun	A response.		
B2	respond	noun	A versicle or short anthem chanted at intervals during the reading of a lection.		
B2	respond	verb	(ambitransitive) To correspond with; to suit.		
B2	respond	verb	(intransitive) To act in return; to carry out an action or in return to a force or stimulus; to do something in response.		
B2	respond	verb	(transitive, intransitive) To say something in return; to answer; to reply.		
B2	respond	verb	(transitive) To satisfy; to answer.		
B2	reveal	noun	(cinematography, narratology, comedy, usually informal) A revelation; an uncovering of what was hidden in the scene or story.		
B2	reveal	noun	The outer side of a window or door frame.		
B2	reveal	verb	(transitive) To communicate that which could not be known or discovered without divine or supernatural instruction.	mặc khải	ok
B2	reveal	verb	(transitive) To uncover; to show and display that which was hidden.	để lộ	ok
B2	rocket	noun	(countable) Any plant of the genus Eruca.		
B2	rocket	noun	(figurative) Figurative uses.		
B2	rocket	noun	(uncountable) A leaf vegetable of species Eruca sativa or Eruca vesicaria.		
B2	rocket	noun	A projectile.		
B2	rocket	noun	Rocket larkspur (Consolida regalis, syn. Delphinium consolida).		
B2	rocket	verb	(ambitransitive) To accelerate swiftly and powerfully.		
B2	rocket	verb	To experience sudden fame, popularity, or success.		
B2	rocket	verb	To fly vertically.		
B2	rocket	verb	To rise or soar rapidly.		
B2	rotten	adj	Bad or terrible.		
B2	rotten	adj	Cruel, mean or immoral.		
B2	rotten	adj	In a state of decay.		
B2	rotten	adj	Of perishable items, overridden with bacteria and other infectious agents.		
B2	rotten	adv	To an extreme degree.		
B2	salad	noun	(chiefly UK) Lettuce.		
B2	salad	noun	(idiomatic) Any varied blend or mixture.		
B2	salad	noun	A food made primarily of a mixture of raw or cold ingredients, typically vegetables, usually served with a dressing such as vinegar or mayonnaise.		
B2	salad	noun	A raw vegetable of the kind used in salads.		
B2	sample	noun	(business) A small piece of some goods, for determining quality, colour, etc., typically given away for free.		
B2	sample	noun	(cooking) A small quantity of food for tasting, typically given away for free.		
B2	sample	noun	(statistics) A subset or portion of a population that is systematically selected for measurement, observation, or questioning, with the objective of generating statistical information that accurately reflects the characteristics of the entire population.		
B2	sample	noun	A part or snippet of something taken or presented for inspection, or shown as evidence of the quality of the whole; a specimen.		
B2	sample	verb	(music, transitive) To reuse a portion of (an existing sound recording) in a new piece of music.		
B2	sample	verb	(transitive, computer graphics) To make or show something similar to a sample.		
B2	sample	verb	(transitive, signal processing) To reduce a continuous signal (such as a sound wave) to a discrete signal.		
B2	sample	verb	(transitive) To take or to test a sample or samples of.		
B2	scientific	adj	Related or connected to science:		
B2	session	noun	(beer) An extended period of drinking, typically consuming beer with low alcohol content.		
B2	session	noun	(Presbyterianism) The ruling body of a congregation, consisting of the pastor and elders.		
B2	session	noun	A period of time devoted to a particular activity.		
B2	session	noun	An official meeting or term of a council, court, or other body to conduct its business; e.g. the annual or semiannual periods of a legislature (that together comprise the legislative term), whose individual meetings are also called sessions.		
B2	session	verb	(music) To hold or participate in a jam session with other musicians.		
B2	shelter	noun	(countable) Somewhere one can find protection.		
B2	shelter	noun	(uncountable, abstract) The state of being protected or shielded.		
B2	shelter	noun	(uncountable) That which provides protection or cover.		
B2	shelter	verb	(intransitive) To take cover.	trú ẩn	ok
B2	shelter	verb	(transitive) To provide cover from damage or harassment; to shield; to protect.	che chở	ok
B2	signature	adj	Distinctive, characteristic, indicative of identity.		
B2	signature	noun	(cryptography) Data attached to a message that guarantees that the message originated from its claimed source.		
B2	signature	noun	(figurative) A mark or sign of implication.		
B2	signature	noun	A person's name, written by that person, used as identification or to signify approval of accompanying material, such as a legal contract.		
B2	signature	noun	An act of signing one's name; an act of producing a signature.		
B2	signature	verb	(ambitransitive) To sign with one's signature, to write one's signature on.		
B2	significant	adj	Large or important enough to have an effect or be worth noticing.	đáng kể, quan trọng	ok
B2	sink	noun	A basin used for holding water for washing.		
B2	sink	noun	A depression in land where water collects, with no visible outlet.		
B2	sink	noun	A drain for carrying off wastewater.		
B2	sink	noun	A heat sink.		
B2	sink	verb	(intransitive) To be overwhelmed or depressed; to fail in strength.		
B2	sink	verb	(intransitive) To decrease in volume, as a river; to subside; to become diminished in volume or in apparent height.		
B2	sink	verb	(transitive, slang) To drink (especially something alcoholic).		
B2	sink	verb	(transitive, slang) To pay absolutely.		
B2	slap	adj	(slang, UK) Very good, excellent, amazing.		
B2	slap	adv	Exactly, precisely		
B2	slap	noun	(countable, music) The percussive sound produced in slap bass playing.		
B2	slap	noun	(countable) A blow, especially one given with the open hand, or with something broad and flat.		
B2	slap	noun	(countable) A sharp percussive sound like that produced by such a blow.		
B2	slap	noun	(slang, uncountable) Makeup; cosmetics.		
B2	slap	verb	(intransitive) To strike soundly against something.		
B2	slap	verb	(transitive) To cause something to strike soundly.		
B2	slap	verb	(transitive) To place, to put carelessly.		
B2	slap	verb	(transitive) To strike someone, typically with an open hand, often on the face.		
B2	smooth	adj	Bland; glib.		
B2	smooth	adj	Flowing or uttered without check, obstruction, or hesitation; not harsh; fluent.		
B2	smooth	adj	Having a texture that lacks friction. Not rough.		
B2	smooth	adj	Without difficulty, problems, or unexpected consequences or incidents.		
B2	smooth	adv	Smoothly.		
B2	smooth	noun	A domestic animal having a smooth coat.		
B2	smooth	noun	A member of an anti-hippie fashion movement in 1970s Britain.		
B2	smooth	noun	A smoothing action.		
B2	smooth	noun	Something that is smooth, or that goes smoothly and easily.		
B2	smooth	verb	(transitive) To calm or palliate.		
B2	smooth	verb	(transitive) To make smooth or even.		
B2	smooth	verb	(transitive) To make straightforward or easy.		
B2	smooth	verb	(transitive) To reduce to a particular shape or form by pressure; to press, to flatten.		
B2	snap	adj	(informal, attributive) Done, made, performed, etc., quickly and unexpectedly, or without deliberation.		
B2	snap	noun	A quick breaking or cracking sound or the action of producing such a sound.		
B2	snap	noun	A sudden break.		
B2	snap	noun	An attempt to seize, bite, attack, or grab.		
B2	snap	noun	The act of snapping the fingers; making a sound by pressing a finger against the thumb and suddenly releasing to strike the hand.		
B2	snap	phrase	(British, Australia, by extension) "I've got one the same!", "Me too!"		
B2	snap	phrase	(British, by extension) Used to express agreement.		
B2	snap	phrase	(Canada, US) Used in place of an expletive to express surprise, usually in response to a negative statement or news; often used facetiously.		
B2	snap	phrase	The cry used in a game of snap when winning a hand.		
B2	snap	verb	(intransitive, transitive) To fracture or break apart suddenly.		
B2	snap	verb	(intransitive) To attempt to seize or bite with the teeth, beak, etc.		
B2	snap	verb	(intransitive) To attempt to seize with eagerness.		
B2	snap	verb	(intransitive) To give forth or produce a sharp cracking noise; to crack.		
B2	spin	noun	(autism, slang) A special interest of an autistic person.		
B2	spin	noun	(nautical) Clipping of spinnaker.		
B2	spin	noun	(quantum mechanics) A quantum angular momentum associated with subatomic particles, which also creates a magnetic moment.		
B2	spin	noun	A novel, creative variation of an existing thing or type; a twist.		
B2	spin	noun	A state of confusion or disorientation.		
B2	spin	noun	Rapid circular motion.		
B2	spin	verb	(ergative) To rotate, revolve, gyrate (usually quickly); to partially or completely rotate to face another direction.		
B2	spin	verb	(figurative) To present, describe, or interpret, or to introduce a bias or slant, so as to give something a favorable or advantageous appearance.		
B2	spin	verb	(transitive) To make yarn by twisting and winding fibers together.		
B2	spin	verb	To form (a web, a cocoon, silk, etc.) from threads produced by the extrusion of a viscid, transparent liquid, which hardens on coming into contact with the air; said of the spider, the silkworm, etc.		
B2	stable	adj	(commutative algebra, of a filtration (M_n) of a module M over a ring with respect to an ideal (here I but often a,m,p etc.) of that ring) Eventually satisfying the identity IM_n=M_n+1.		
B2	stable	adj	(computer science, of a sorting algorithm) That maintains the relative order of items that compare as equal.		
B2	stable	adj	(computing) Of software: established to be relatively free of bugs, as opposed to a beta version.		
B2	stable	adj	Relatively unchanging, steady, permanent; firmly fixed or established; consistent; not easily moved, altered, or destroyed.		
B2	stable	noun	(metonymic) All the racehorses of a particular stable, i.e. belonging to a given owner.		
B2	stable	noun	(professional wrestling) A group of wrestlers who support each other within a wrestling storyline.		
B2	stable	noun	(sumo) An organization of sumo wrestlers who live and train together.		
B2	stable	noun	A building, wing or dependency set apart and adapted for lodging and feeding (and training) ungulates, especially horses.		
B2	stable	verb	(intransitive) To dwell in a stable.		
B2	stable	verb	(rail transport, transitive) To park (a rail vehicle).		
B2	stable	verb	(transitive) To put or keep (an animal) in a stable.		
B2	stretch	noun	(idiomatic) A course of thought which diverts from straightforward logic, or requires extraordinary belief or exaggeration.		
B2	stretch	noun	A segment of a journey or route.		
B2	stretch	noun	An act of stretching.		
B2	stretch	noun	The ability to lengthen when pulled.		
B2	stretch	verb	(intransitive, transitive) To extend one’s limbs or another part of the body, for example in order to improve the elasticity of one's muscles.		
B2	stretch	verb	(intransitive) To lengthen when pulled.		
B2	stretch	verb	(transitive) To lengthen by pulling.	duỗi	chưa sát nghĩa, "duỗi" là duỗi thẳng tay chân, không phải "kéo dài bằng cách kéo căng" — nên là "kéo giãn, kéo dài"
B2	stretch	verb	(transitive) To pull tight.		
B2	strip	noun	(attributively, of games) Denotes a version of a game in which losing players must progressively remove their clothes.		
B2	strip	noun	(countable) A long, thin piece of land; any long, thin area.		
B2	strip	noun	(usually countable, sometimes uncountable) A long, thin piece of any material; any such material collectively.		
B2	strip	noun	A comic strip.		
B2	strip	noun	A landing strip.		
B2	strip	noun	The act of removing one's clothes; a striptease.		
B2	strip	verb	(intransitive) To perform a striptease.		
B2	strip	verb	(transitive) To remove or take away, often in strips or stripes.		
B2	strip	verb	(transitive) To take away something from (someone or something); to plunder; to divest.		
B2	strip	verb	(usually intransitive) To take off clothing.		
B2	stubborn	adj	Physically stiff and inflexible; not easily melted or worked.		
B2	stubborn	adj	Refusing to move or to change one's opinion; obstinate; firmly resisting; persistent in doing something.		
B2	stubborn	noun	(informal) Stubbornness.		
B2	stubborn	noun	Ellipsis of stubborn disease (“a disease of citrus trees”).		
B2	tattoo	noun	(military) A military display or pageant.		
B2	tattoo	noun	(military) A signal by drum or bugle ordering soldiers to return to their quarters.		
B2	tattoo	noun	(nautical) A signal played five minutes before taps (lights out).		
B2	tattoo	noun	A method of decorating a body part, usually the skin, by inserting colored substances under the surface with a sharp instrument (usually a solenoid-driven needle).		
B2	tattoo	noun	A pony of a certain breed from India.		
B2	tattoo	noun	A rhythmic tapping.		
B2	tattoo	noun	An image made on a body part, usually the skin with ink and a needle.		
B2	tattoo	verb	(baseball) To hit the ball hard, as if to figuratively leave a tattoo on the ball.		
B2	tattoo	verb	To apply a tattoo to (someone or something).		
B2	tattoo	verb	To tap rhythmically on, to drum.		
B2	territory	noun	(Australia) One of three of Australia's federal entities, located in the country's north and southeast, with fewer powers than a state and created by an act of Parliament rather than by the Constitution: Northern Territory, Australian Capital Territory and Jervis Bay Territory.		
B2	territory	noun	(Canada) One of three of Canada's federal entities, located in the country's Arctic, with fewer powers than a province and created by an act of Parliament rather than by the Constitution: Yukon, Northwest Territories, and Nunavut.		
B2	territory	noun	A geographic area under control of a single governing entity such as state or municipality; an area whose borders are determined by the scope of political power rather than solely by natural features such as rivers and ridges.		
B2	territory	noun	A large extent or tract of land; for example a region, country or district.		
B2	terrorist	adj	Of or relating to terrorism.	khủng bố	ok
B2	terrorist	noun	(historical) An agent or partisan of the revolutionary tribunal during the Reign of Terror in France.		
B2	terrorist	noun	(Internet slang, humorous) Deliberate misspelling of tourist.		
B2	terrorist	noun	A person, group, or organization that uses violent action, or the threat of violent action, to further political goals.		
B2	theatre	noun	(chiefly Australia, Canada, New Zealand, UK, Hong Kong) Alternative spelling of theater.		
B2	thirty	noun	(broadcasting) A commercial lasting 30 seconds.		
B2	thirty	noun	(slang) A rack of thirty beers.		
B2	thirty	noun	The cardinal number occurring after twenty-nine and before thirty-one, represented in Arabic numerals as 30.	ba mươi	ok
B2	thus	adv	(conjunctive) As a result.		
B2	thus	adv	(manner) In this way or manner.		
B2	thus	noun	Alternative form of thuris.		
B2	tradition	noun	A commonly held system.		
B2	tradition	noun	A part of culture that is passed from person to person or generation to generation, possibly differing in detail from family to family, such as the way to celebrate holidays.	sự truyền miệng	quá hẹp/sai nghĩa, "sự truyền miệng" chỉ là truyền khẩu, không bao quát khái niệm "truyền thống" nói chung — nên là "truyền thống"
B2	tradition	noun	An established or distinctive style or method:		
B2	tradition	noun	The act of delivering into the hands of another; delivery.		
B2	tragedy	noun	A disastrous event, especially one involving great loss of life or injury.		
B2	tragedy	noun	A drama or similar work, in which the main character is brought to ruin or otherwise suffers the extreme consequences of some tragic flaw or weakness of character.	bi kịch	ok
B2	tragedy	noun	The genre of such works, and the art of producing them.	bi kịch	ok
B2	trunk	noun	(in the plural) Ellipsis of swimming trunks.		
B2	trunk	noun	(software engineering) In software projects under source control: the most current source tree, from which the latest unstable builds (so-called "trunk builds") are compiled.		
B2	trunk	noun	A large pipe forming the piston rod of a steam engine, of sufficient diameter to allow one end of the connecting rod to be attached to the crank, and the other end to pass within the pipe directly to the piston, thus making the engine more compact.		
B2	trunk	noun	The main line or body of anything.		
B2	trunk	verb	(telecommunications) To provide simultaneous network access to multiple clients by sharing a set of circuits, carriers, channels, or frequencies.		
B2	trunk	verb	(transitive, mining) To extract (ores) from the slimes in which they are contained, by means of a trunk.		
B2	twelve	noun	(law, colloquial) A jury (normally composed of twelve persons).		
B2	twelve	noun	(slang) The police; law enforcement, especially a narcotics officer.		
B2	twelve	noun	A group of twelve items.		
B2	twelve	noun	A twelve-bore gun.		
B2	twelve	noun	The cardinal number occurring after eleven and before thirteen, represented in Arabic numerals as 12 and in Roman numerals as XII.	mười hai	ok
B2	uncomfortable	adj	Experiencing discomfort.		
B2	uncomfortable	adj	Not comfortable; causing discomfort.		
B2	uncomfortable	adj	Put off or disgusted.		
B2	uncomfortable	adj	Uneasy or anxious.		
B2	underwear	noun	(colloquial) Underpants (boxers, briefs, panties, etc) and often bras.		
B2	underwear	noun	Clothes worn next to the skin, underneath outer clothing.	quần áo lót	ok
B2	unlike	adj	Not like; dissimilar (to); having no resemblance; unalike.		
B2	unlike	adj	Unequal.		
B2	unlike	noun	(Internet) The act of withdrawing one's like from a post on social media.		
B2	unlike	noun	Something that is not like something else; something different.		
B2	unlike	prep	Different from; not in a like or similar manner.		
B2	unlike	prep	In contrast with; as opposed to.		
B2	unlike	prep	Not typical of one's character or personality.		
B2	unlike	verb	(social media) To cancel a "like" action.		
B2	unlike	verb	To dislike.		
B2	ward	noun	A person under guardianship.	trẻ tạm nuôi	
B2	ward	noun	A protected place, and by extension, a type of subdivision.		
B2	ward	noun	An object used for guarding.		
B2	ward	noun	Protection, defence.		
B2	ward	verb	(intransitive) To be vigilant; to keep guard.		
B2	ward	verb	(transitive) To defend, to protect.	bảo vệ	
B2	ward	verb	(transitive) To fend off, to repel, to turn aside, as anything mischievous that approaches. (usually followed by off)	tránh	
B2	ward	verb	(transitive) To keep in safety, to watch over, to guard.		
B2	wrap	noun	(Australia, informal) Alternative spelling of rap (“appraisal”).		
B2	wrap	noun	(entertainment) The completion of all or a major part of a performance.		
B2	wrap	noun	A loose piece of women's clothing that one wraps around the body; a shawl or scarf.		
B2	wrap	noun	A type of food consisting of various ingredients wrapped in a tortilla or pancake.		
B2	wrap	noun	Paper or sheeting that is wrapped around something to protect, contain, or conceal it.		
B2	wrap	verb	(transitive or intransitive, video production) To finish shooting (filming) a video, television show, or movie.		
B2	wrap	verb	(transitive, figurative) To conceal by enveloping or enfolding; to hide.		
B2	wrap	verb	(transitive) To enclose (an object) completely in any flexible, thin material such as fabric or paper.		
B2	wrap	verb	(transitive) To enclose or coil around an object or organism, as a form of grasping.		
B2	yell	adj	(Ulster) dry (of cow)		
B2	yell	noun	A phrase to be shouted.		
B2	yell	noun	A shout.		
B2	yell	verb	(informal, usually followed by at) To tell someone off, to scold or rebuke, typically in a loud and angry manner.		
B2	yell	verb	(intransitive) To shout; holler; make a loud sound with the voice, especially to express intense emotions such as anger or excitement.		
B2	yell	verb	(transitive) To convey by shouting.		
C1	acknowledge	verb	(transitive) To admit the knowledge of; to recognize as a fact or truth; to declare one's belief in.		
C1	acknowledge	verb	(transitive) To be grateful of (e.g. a benefit or a favour)		
C1	acknowledge	verb	(transitive) To own or recognize in a particular quality, character or relationship; to admit the claims or authority of; to give recognition to.		
C1	acknowledge	verb	(transitive) To report (the receipt of a message to its sender).		
C1	alongside	adv	Along the side; by the side; side by side; abreast.		
C1	alongside	prep	Side by side with.		
C1	alongside	prep	Together with or at the same time.		
C1	ammunition	noun	(figurative) Arguments and information that can be used against the other party in a conflict.		
C1	ammunition	noun	Articles used in charging firearms and ordnance of all kinds; as powder, balls, shot, shells, percussion caps, rockets, etc.	đạn dược	
C1	ammunition	verb	To supply with ammunition.		
C1	artistic	adj	Aesthetically pleasing.		
C1	artistic	adj	Having or revealing creative skill.		
C1	artistic	adj	Relating to or characteristic of art or artists.		
C1	artistic	adv	(nonstandard) Artistically, in an artistic style.		
C1	asset	noun	(espionage) An intelligence asset.		
C1	asset	noun	(slang, usually in the plural) A woman's breasts or buttocks or a man's genitalia.		
C1	asset	noun	(software) Any component, model, process or framework of value that can be leveraged or reused.		
C1	asset	noun	A thing or quality that has value, especially one that generates cash flows.		
C1	astronaut	noun	(Hong Kong) A person (typically man) working abroad away from their family.		
C1	astronaut	noun	A member of the crew of a spaceship or other spacecraft that travels beyond Earth's atmosphere, or someone trained to serve that purpose.		
C1	atomic	adj	(physics, chemistry) Of or relating to atoms; composed of atoms; monatomic.		
C1	atomic	adj	Employing or relating to nuclear energy or processes.		
C1	atomic	adj	Infinitesimally small.		
C1	atomic	adj	Unable to be split or made any smaller.		
C1	atomic	noun	(computing) An atomic operation.		
C1	attraction	noun	(chess) The sacrifice of pieces in order to expose the enemy king.		
C1	attraction	noun	(countable) An event, location, or business that has a tendency to draw interest from visitors, and in many cases, local residents.		
C1	attraction	noun	The feeling of being attracted (to something).		
C1	attraction	noun	The tendency to attract.		
C1	bandit	noun	(military, aviation) An aircraft identified as an enemy, but distinct from "hostile" or "threat" in that it is not immediately to be engaged.		
C1	bandit	noun	An outlaw.		
C1	bandit	noun	One who cheats others.		
C1	bandit	noun	One who robs others in a lawless area, especially as part of a group.	kẻ cướp	
C1	bandit	verb	(ambitransitive) To rob, or steal from, in the manner of a bandit.		
C1	battlefield	noun	The area where a land battle is fought, which may not necessarily be a field.	chiến trường	
C1	betrayal	noun	The act of betraying.		
C1	boil	noun	(US) A social event at which people gather to boil and eat food, especially seafood. (Compare a bake or clambake.)		
C1	boil	noun	A dish of boiled food, especially seafood.		
C1	boil	noun	A localized accumulation of pus in the skin, resulting from infection.	nhọt	
C1	boil	noun	An instance of boiling.		
C1	boil	noun	The point at which fluid begins to change to a vapour; the boiling point.		
C1	boil	verb	(ambitransitive) To cook in boiling water.	luộc	
C1	boil	verb	(intransitive, of liquids) To begin to turn into a gas, seethe.		
C1	boil	verb	(transitive, of liquids) To heat to the point where it begins to turn into a gas.		
C1	boil	verb	(transitive) To form, or separate, by boiling or evaporation.		
C1	caution	noun	(soccer) A yellow card.		
C1	caution	noun	A careful attention to the probable effects of an act, in order that failure or harm may be avoided.		
C1	caution	noun	Prudence when faced with, or when expecting to face, danger; care taken in order to avoid risk or harm.		
C1	caution	noun	Security; guaranty; bail.		
C1	caution	verb	(soccer) To give a yellow card.		
C1	caution	verb	(transitive) To warn; to alert, advise that caution is warranted.		
C1	chandler	noun	(historical) A servant in a large household responsible for providing candles.		
C1	chandler	noun	A dealer in (a specific kind of) provisions or supplies; especially a ship chandler.		
C1	chandler	noun	A person who makes or sells candles.		
C1	chow	noun	(mahjong) A call for forming such a run using a discarded tile.		
C1	chow	noun	(mahjong) A run of three consecutive tiles of the same suit.		
C1	chow	noun	(slang, uncountable) Food, especially snacks.		
C1	chow	noun	(Trinidad and Tobago) Unripe, or partially ripened, fruit seasoned and served as a dish, e.g. pineapple chow or mango chow.		
C1	chow	noun	A Chow Chow.		
C1	chow	noun	A prefecture or district of the second rank in China, or the chief city of such a district.		
C1	chow	verb	(mahjong) To call a discarded tile to produce a chow.		
C1	chow	verb	(slang, South Africa) To eat.		
C1	clap	noun	(slang, usually with "the") Synonym of gonorrhea.		
C1	clap	noun	A slap with the hand, usually in a jovial manner.		
C1	clap	noun	Any loud, sudden, explosive sound made by striking hard surfaces together, or resembling such a sound.		
C1	clap	noun	The act of striking the palms of the hands, or any two surfaces, together.		
C1	clap	noun	The explosive sound of thunder.		
C1	clap	verb	(ambitransitive) To bring two surfaces together forcefully, creating a sharp sound.		
C1	clap	verb	(intransitive) To strike the palms of the hands together, creating a sharp sound.		
C1	clap	verb	(transitive) To applaud.		
C1	clap	verb	(transitive) To slap with the hand in a jovial manner.		
C1	classroom	noun	A room, often in a school, where classes take place.	lớp học	
C1	clearance	noun	A permission for a vehicle to proceed, or for a person to travel.		
C1	clearance	noun	The act of clearing or something (such as a space) cleared.		
C1	clearance	noun	The distance between two moving objects, especially between parts of a machine		
C1	clearance	noun	The height or width of a tunnel, bridge or other passage, or the distance between a vehicle and the walls or roof of such passage; a gap, headroom.		
C1	clumsy	adj	Awkward or inefficient in use or construction, difficult to handle or manage especially because of shape.		
C1	clumsy	adj	Awkward, lacking coordination, not graceful, not dextrous.	vụng về	
C1	clumsy	adj	Not elegant or well-planned, lacking tact or subtlety.		
C1	clumsy	noun	(informal, fairly rare) A clumsy person.		
C1	coconut	noun	(uncountable) The edible white flesh of this fruit.		
C1	coconut	noun	A fruit of the coconut palm (not a true nut), Cocos nucifera, having a fibrous husk surrounding a large seed.		
C1	coconut	noun	A hard-shelled seed of this fruit, having white flesh and a fluid-filled central cavity.	(sọ) dừa	
C1	coconut	noun	The coconut palm.		
C1	collector	noun	(historical) One holding a Bachelor of Arts in Oxford, formerly appointed to superintend some scholastic proceedings in Lent.		
C1	collector	noun	A compiler of books; one who collects scattered passages and puts them together in one book.		
C1	collector	noun	A person who is employed to collect payments.		
C1	collector	noun	A person who or thing that collects, or which creates or manages a collection.		
C1	condom	noun	(loosely) Any of various forms of flexible sleeve or barrier, variously shaped for either penetrative or receptive body parts, made of latex or other impermeable material such as polyurethane or sheepskin, worn (by anyone with) during sexual activity to prevent pregnancy or the spread of STIs.		
C1	condom	noun	A flexible sleeve made of latex or other impermeable material such as polyurethane or sheepskin, worn over an erect penis during sexual intercourse as a contraceptive or as a way to prevent the spread of STIs during PIV, anal, or oral.		
C1	crook	adj	(Australia, New Zealand, slang) Annoyed, angry; upset.		
C1	crook	adj	(Australia, New Zealand, slang) Bad, unsatisfactory, not up to standard.		
C1	crook	adj	(Australia, New Zealand, slang) Ill, sick.		
C1	crook	noun	A bend; turn; curve; curvature; a flexure.		
C1	crook	noun	A bending of the knee; a genuflection.		
C1	crook	noun	A bent or curved part; a curving piece or portion (of anything).		
C1	crook	noun	A specialized staff with a semi-circular bend (a "hook") at one end used by shepherds to control their herds.		
C1	crook	verb	(intransitive) To become bent or hooked.		
C1	crook	verb	(transitive) To bend, or form into a hook.		
C1	crook	verb	To turn from the path of rectitude; to pervert; to misapply; to twist.		
C1	curry	noun	A spiced sauce or relish, especially one flavored with curry powder.	ca ri	
C1	curry	noun	Curry powder.		
C1	curry	noun	One of a family of dishes originating from Indian cuisine, flavored by a spiced sauce.	cà ri	
C1	curry	verb	(transitive, computing) To perform currying upon.		
C1	curry	verb	(transitive, figurative) To try to win or gain (favour) by flattering.		
C1	curry	verb	(transitive) To beat, thrash; to drub.		
C1	curry	verb	(transitive) To cook or season with curry powder.		
C1	curry	verb	(transitive) To dress (leather) after it is tanned by beating, rubbing, scraping and colouring.		
C1	curry	verb	(transitive) To groom (a horse); to dress or rub down a horse with a curry comb.		
C1	deadline	noun	A time limit in the form of a date on or before which something must be completed.	hạn chót	
C1	deadline	verb	(military) To render an item non-mission-capable; to ground an aircraft, etc.		
C1	defensive	adj	Displaying an inordinate sensitivity to criticism or intrusion; oversensitive; thin-skinned.		
C1	defensive	adj	Intended for defence; protective.		
C1	defensive	adj	Intended to deter attack.		
C1	defensive	adj	Performed so as to minimise risk.		
C1	defensive	noun	A means, attitude or position of defense. Chiefly in on the defensive.		
C1	define	noun	(programming) A kind of macro in source code that replaces one text string with another wherever it occurs.		
C1	define	verb	To describe, explain, or make definite and clear; used to request the listener or other person to elaborate or explain more clearly his or her intended meaning of a word or expression.		
C1	define	verb	To determine with precision; to mark out with distinctness; to ascertain or exhibit clearly.		
C1	define	verb	To express the essential nature of something.		
C1	define	verb	To state the meaning of a word, phrase, sign, or symbol.		
C1	definition	noun	(semantics, lexicography) A statement of the meaning of a word, word group, sign, or symbol; especially, a dictionary definition.		
C1	definition	noun	(usually with the definite article the) A clear instance conforming to the dictionary or textbook definition.		
C1	definition	noun	A statement expressing the essential nature of something; formulation		
C1	definition	noun	The action or process of defining.		
C1	democratic	adj	(US, politics) Alternative letter-case form of Democratic (“of, pertaining to, or supporting the Democratic Party”).		
C1	democratic	adj	Exhibiting social equality; egalitarian.		
C1	democratic	adj	Pertaining to democracy; constructed upon or in line with the principle of government chosen by the people.	dân chủ	
C1	detect	verb	(intransitive, informal) To work or solve cases as a detective.		
C1	detect	verb	To discover or find by careful search, examination, or probing.	phát hiện	
C1	evacuate	verb	(figurative) To make empty; to deprive.		
C1	evacuate	verb	(transitive) To leave or withdraw from; to quit; to retire from.		
C1	evacuate	verb	To cause (or help) to leave or withdraw from.		
C1	evacuate	verb	To make empty; to empty out; to remove the contents of, including to create a vacuum.		
C1	exhibit	noun	(law) An article formally introduced as evidence in a court.		
C1	exhibit	noun	A public showing; an exhibition.	triển lãm	
C1	exhibit	noun	An instance of exhibiting.	sự trưng bày	
C1	exhibit	noun	That which is exhibited.		
C1	exhibit	verb	(intransitive) To put on a public display.		
C1	exhibit	verb	(transitive, law) To submit (a physical object) to a court as evidence.		
C1	exhibit	verb	(transitive) To demonstrate.	bày tỏ	
C1	exhibit	verb	(transitive) To display or show (something) for others to see, especially at an exhibition or contest.	trưng bày	
C1	exhibition	noun	A demonstration of personal skill or feelings.		
C1	exhibition	noun	A large-scale public showing of objects or products.	triển lãm	
C1	exhibition	noun	A public display, intentional or otherwise, generally characterised as negative.		
C1	exhibition	noun	An instance of exhibiting, or something exhibited.		
C1	exhibition	verb	(intransitive) To participate in sexual exhibitionism.		
C1	expand	verb	(transitive, arithmetic) To multiply both the numerator and the denominator of a fraction by the same (non-zero) number (which yields a fraction of equal value).		
C1	expand	verb	(transitive) To change (something) from a smaller form or size to a larger one; to spread out or lay open.		
C1	expand	verb	(transitive) To express (something) at length and/or in detail.		
C1	expand	verb	(transitive) To increase the extent, number, volume or scope of (something).		
C1	exposure	noun	(uncountable) Lack of protection from weather or the elements.		
C1	exposure	noun	(uncountable) The condition of being exposed, uncovered, or unprotected.		
C1	exposure	noun	The act of exposing something, such as a scandal.		
C1	exposure	noun	The act or condition of being at risk of financial losses.		
C1	facial	adj	(medicine, relational) Concerned with or used in improving the appearance of the face.		
C1	facial	adj	(relational) Of or affecting the face.		
C1	facial	adj	(transferred sense, law) (of a law or regulation validity) On its face; as it appears (as opposed to on a more probing analysis, as it is applied, etc.).		
C1	facial	noun	(film) A kind of early silent film focusing on the facial expressions of the actor.		
C1	facial	noun	(medicine) A personal care beauty treatment which involves cleansing and moisturizing of the human face.		
C1	facial	noun	(slang, pornography, sex) A sex act of ejaculation onto another person's face.		
C1	facial	noun	(slang, sports) (in some contact sports) A foul play which involves one player hitting another's face.		
C1	fade	noun	(golf) A golf shot that curves intentionally to the player's right (if they are right-handed) or to the left (if left-handed).		
C1	fade	noun	(music, cinematography) A gradual decrease in the brightness of a shot or the volume of sound or music (as a means of cutting to a new scene or starting a new song).		
C1	fade	noun	(slang) A fight.		
C1	fade	noun	A haircut where the hair is short or shaved on the sides of the head and longer on top. See also high-top fade and low fade.		
C1	fade	verb	(intransitive) To grow weak; to lose strength; to decay; to perish gradually; to wither, as a plant.		
C1	fade	verb	(intransitive) To lose freshness, color, or brightness; to become faint in hue or tint; hence, to be wanting in color.		
C1	fade	verb	(intransitive) To sink away; to disappear gradually; to grow dim; to vanish.	nhòa	
C1	fade	verb	(transitive) To cause to fade.		
C1	farther	adj	Alternative form of further. (See also the usage notes at further.)		
C1	farther	adv	Alternative form of further. (See also the usage notes at further.)		
C1	ferry	noun	(nautical) A boat or ship used to transport people, smaller vehicles and goods from one port to another, usually on a regular schedule.	phà	
C1	ferry	noun	A place where passengers are transported across water in such a ship.		
C1	ferry	noun	The legal right or franchise that entitles a corporate body or an individual to operate such a service: a right of ferry.		
C1	ferry	noun	The service constituted by this watercraft's operation; the business (company) that operates such a service.		
C1	ferry	verb	(intransitive) To pass over water in a boat or by ferry.		
C1	ferry	verb	(transitive) To carry or transport over a contracted body of water, as a river or strait, in a boat or other floating conveyance plying between opposite shores.		
C1	ferry	verb	(transitive) To carry; transport; convey.		
C1	ferry	verb	(transitive) To move someone or something from one place to another, usually repeatedly.		
C1	foreman	noun	(law) The member of a jury who presides over it and speaks on its behalf.		
C1	foreman	noun	(management) The leader of a work crew.		
C1	foreman	noun	(US, historical) A slave assistant to the white overseer who managed field hands.		
C1	fortress	noun	(chess) A position that, if obtained by the weaker side, will prevent penetration by the opposing side, generally achieving a draw.		
C1	fortress	noun	A fortified place; a large and permanent fortification, sometimes including a town; for example a fort, a castle; a stronghold; a place of defense or security.	pháo đài	
C1	fortress	verb	(transitive) To furnish with a fortress or with fortresses; to guard, to fortify.		
C1	fugitive	adj	Elusive or difficult to retain.		
C1	fugitive	adj	Fleeing or running away; escaping.		
C1	fugitive	adj	Transient, fleeting or ephemeral.		
C1	fugitive	noun	A person who flees or escapes and travels secretly from place to place, and sometimes using disguises and aliases to conceal their identity, as to avoid law authorities in order to avoid an arrest or prosecution, or to avoid some other unwanted situation.	người lánh nạn	
C1	fugitive	verb	(transitive) To render someone a fugitive; to drive into escape or exile.		
C1	fury	noun	An angry or malignant person.		
C1	fury	noun	Extreme anger.		
C1	fury	noun	Strength or violence in action.		
C1	fuse	noun	(cellular automata) An otherwise stable arbitrarily long repeating pattern that, when perturbed from one end, destructively carries that perturbation at a constant speed to the other end.		
C1	fuse	noun	(electrical engineering) A device to prevent excessive overcurrent from overload or short circuit in an electrical circuit, containing a component that melts and interrupts the current when too high a load is passed through it.		
C1	fuse	noun	(figurative) A tendency to lose one's temper.		
C1	fuse	noun	A kind of match for starting a fire:		
C1	fuse	noun	A wick or cord used to convey flame to gunpowder, a bomb, or similar explosive.		
C1	fuse	verb	(intransitive) To melt together.		
C1	fuse	verb	(military, mining, manufacturing, sometimes proscribed) Alternative spelling of fuze, to equip with a detonator.		
C1	fuse	verb	(transitive, electricity) To furnish with or install a fuse in (a circuit) to protect against overcurrent.		
C1	fuse	verb	(transitive) To liquify by heat; melt.		
C1	fuse	verb	(transitive) To melt together; to blend; to mix indistinguishably.		
C1	fuse	verb	To furnish with a fuse, to install a fuse on.		
C1	garlic	noun	(uncountable) A preparation from Allium sativum used as a food ingredient or the flavor or other characteristics of such an ingredient.		
C1	garlic	noun	A plant, Allium sativum, related to the onion, having a pungent bulb much used in cooking.	tỏi	
C1	garlic	verb	(transitive) To flavor with garlic.		
C1	glen	noun	A secluded and narrow valley, especially one with a river running through it; a depression between hills; a dale.		
C1	glow	noun	A state of brightness or warmth of colour; specifically, a reddish colour on a person's face indicating health or youth; a flush.		
C1	glow	noun	A state of heat and light being emitted by a hot object.		
C1	glow	noun	A state of heat being emitted by a person or an animal's body.		
C1	glow	noun	A state of light being emitted by something (for example, a bioluminescent animal or fungus, or a mineral) which is not hot; luminescence.		
C1	glow	verb	(intransitive, obsolete except UK, dialectal) To look intently; to stare.		
C1	glow	verb	Of a fire: to emit heat and light.		
C1	glow	verb	To be very hot; also, to be on fire; to burn.		
C1	glow	verb	To emit heat and light without a flame.		
C1	glow	verb	To emit light brightly and steadily as if heated to a high temperature; to shine.		
C1	godfather	noun	(Christianity) A man present at the christening of a baby who promises to help raise the child in a Christian manner; a male godparent who sponsors the baptism of a child.	cha đỡ đầu	
C1	godfather	noun	(crime) A mafia leader.		
C1	godfather	noun	(figurative) Someone who plays a key role in fostering the development of something.		
C1	godfather	noun	A small post which is used in repairing a fence. For instance attached to and supporting an existing broken fence post.		
C1	godfather	verb	(transitive, often figuratively) To act as godfather or guardian to.		
C1	grasp	noun	(sometimes figurative) Grip.		
C1	grasp	noun	That which is accessible; that which is within one's reach or ability.		
C1	grasp	noun	Understanding.		
C1	grasp	verb	To grip; to take hold, particularly with the hand.		
C1	grasp	verb	To take advantage of something, to seize, to jump at a chance.		
C1	grasp	verb	To understand.		
C1	greed	noun	A selfish or excessive desire for more than is needed or deserved, especially of money, wealth, food, or other possessions.	sự tham lam	
C1	greed	verb	To desire in a greedy manner, or to act on such a desire.		
C1	grill	noun	(UK) A cooking device comprising a source of radiative heat and a means of holding food under it; a broiler in US English		
C1	grill	noun	A grating; a grid of wire or a sheet of material with a pattern of holes or slots, usually used to protect something while allowing the passage of air and liquids. Typical uses: to allow air through a fan while preventing fingers or objects from passing; to allow people to talk to somebody, while preventing attack.		
C1	grill	noun	On a vehicle, a slotted cover as above, to protect and hide the radiator, while admitting air to cool it.		
C1	grill	noun	The criss-cross pieces that separate panes of glass in a window.		
C1	grill	verb	(New York City) To stare at.		
C1	grill	verb	(transitive, Australia, New Zealand, UK) To cook food under the element of a stove or only under the top element of an oven – (US) broil, (cooking) salamander.		
C1	grill	verb	(transitive) To cook (food) on a grill; to barbecue.	nướng	
C1	grill	verb	(transitive) To stamp or mark with a grill.		
C1	grocery	noun	(attributive) Retail foodstuffs and other household supplies.		
C1	grocery	noun	A shop or store that sells groceries; a grocery store.		
C1	grocery	verb	(intransitive) To go grocery shopping.		
C1	grocery	verb	(transitive) To furnish with groceries.		
C1	grudge	noun	(countable) Deep-seated and/or long-term animosity or ill will about something or someone, especially due to perceived mistreatment.		
C1	grudge	verb	To be unwilling to give or allow (someone something).		
C1	handwriting	noun	(by extension) A characteristic trait or hallmark by which somebody may be recognised.		
C1	handwriting	noun	Text that was written by hand.		
C1	handwriting	noun	The act or process of writing done with the hand, rather than typed or word-processed.		
C1	handwriting	noun	The characteristic writing of a particular person.	chữ viết tay	
C1	heel	noun	(nautical) The act of inclining or canting from a vertical position; a cant.		
C1	heel	noun	(usually in the plural) A high-heeled shoe.		
C1	heel	noun	The part of a shoe's sole which supports the foot's heel.		
C1	heel	noun	The part of the palm of a hand closest to the wrist.		
C1	heel	noun	The rear part of a sock or similar covering for the foot.		
C1	heel	verb	(chiefly nautical) To incline to one side; to tilt.		
C1	heel	verb	To add a heel to, or increase the size of the heel of (a shoe or boot).		
C1	heel	verb	To cause to follow at somebody’s heels (transitive).		
C1	heel	verb	To follow at somebody's heels; to chase closely.		
C1	heel	verb	To kick with the heel.		
C1	hereby	adv	(formal) By this means, action or process.		
C1	hike	noun	(American football) The snap of the ball to start a play.		
C1	hike	noun	A long walk, usually for pleasure or exercise.	cuộc đi bộ đường dài	
C1	hike	noun	A sharp upward tug to raise something.		
C1	hike	noun	An abrupt increase.		
C1	hike	phrase	Let's go; get moving. A command to a dog sled team, given by a musher.		
C1	hike	verb	(ambitransitive) To take a long walk (on something) for pleasure or exercise.		
C1	hike	verb	(American football) To snap the ball to start a play.		
C1	hike	verb	To pull up or tug upwards sharply.		
C1	hike	verb	To unfairly or suddenly raise a price.		
C1	hooray	noun	(UK, colloquial, derogatory) Ellipsis of Hooray Henry.		
C1	hooray	noun	A shout to signify victory.		
C1	hooray	noun	An expression of excitement.		
C1	hooray	phrase	(Australia, colloquial) goodbye.		
C1	hooray	phrase	Used to express approval, joy or victory.		
C1	hooray	verb	To shout an expression of excitement.		
C1	hose	noun	(countable) A flexible tube conveying water or other fluid.	ống vòi	
C1	hose	noun	(historical) Close-fitting trousers or breeches, reaching to the knee.		
C1	hose	noun	(uncountable) A stocking-like garment worn on the legs; pantyhose, women's tights.		
C1	hose	verb	(transitive) To deliver using a hose.		
C1	hose	verb	(transitive) To provide with hose (garment)		
C1	hose	verb	(transitive) To spray as if with a hose; to spray in great quantity.		
C1	hose	verb	(transitive) To water or spray with a hose.		
C1	hurricane	noun	(cocktails) A sweet alcoholic drink made with rum, lemon juice (or sometimes other fruit juice), and either passion fruit syrup or fassionola.		
C1	hurricane	noun	(figurative) A great forceful onrush.		
C1	hurricane	noun	(in particular, meteorology) A severe tropical cyclone in the North Atlantic Ocean, Caribbean Sea, Gulf of Mexico, or in the eastern North Pacific off the west coast of Mexico, with winds of 119 km/h (74 miles per hour) or greater accompanied by rain, lightning, and thunder that sometimes moves into temperate latitudes.		
C1	hurricane	noun	(sports, aerial freestyle skiing) "full—triple-full—full" – an acrobatic maneuver consisting of three flips and five twists, with one twist on the first flip, three twists on the second flip, one twist on the third flip		
C1	hurricane	noun	A severe tropical cyclone; an intense storm rotating around a central eye.		
C1	hurricane	verb	(ambitransitive, of the weather) To be violent, with winds of 119 km/h (74 miles per hour) or greater, usually accompanied by rain, lightning, and thunder.		
C1	hurricane	verb	To attempt to accomplish a great deal with a frenzied effort.		
C1	hurricane	verb	To move noisily, quickly, and dramatically, becoming the center of attention.		
C1	hurricane	verb	To swirl quickly and violently.		
C1	increasing	adj	On the increase.		
C1	increasing	noun	(knitting) An increase.		
C1	inheritance	noun	(biology, genetic algorithms) The biological attributes passed hereditarily from ancestors to their offspring.		
C1	inheritance	noun	(countable) That which a person is entitled to inherit, by law or testament, such as the part of an estate (i.e., a portion).		
C1	inheritance	noun	(uncountable, especially linguistics, biology) The act or mechanism of inheriting; the state of having inherited.		
C1	inheritance	noun	The passing of title to an estate upon death.		
C1	ironic	adj	(of a situation) Characterized by or constituting (any kind of) irony.		
C1	ironic	adj	(of a statement, action, etc.) Done in an insincere and mocking manner; satirical.		
C1	ironic	adj	(preceded with "being") Acting in an unserious and teasing manner.		
C1	jewel	noun	(figuratively) Anything precious or valuable.		
C1	jewel	noun	(horology) A bearing for a pivot in a watch, formed of a crystal or precious stone.		
C1	jewel	noun	A precious or semi-precious stone; gem, gemstone.	đá quý	
C1	jewel	noun	A valuable object used for personal ornamentation, especially one made of precious metals and stones; a piece of jewellery.		
C1	jewel	verb	To bejewel; to decorate or bedeck with jewels or gems.		
C1	jingle	noun	(music) A small piece of metal attached to a musical instrument, such as a tambourine, so as to make a jangling sound when the instrument is played.	leng keng	
C1	jingle	noun	A carriage drawn by horses.		
C1	jingle	noun	A jingle shell.		
C1	jingle	noun	The sound of metal or glass clattering against itself.	leng keng	
C1	jingle	verb	(intransitive) To make a noise of metal or glass clattering against itself.		
C1	jingle	verb	(Philippines, colloquial) To pee, to urinate.		
C1	jingle	verb	(transitive) To cause to make a noise of metal or glass clattering against itself.		
C1	justify	verb	(reflexive) To give reasons for one’s actions; to make an argument to prove that one is in the right.		
C1	justify	verb	(transitive) To absolve, and declare to be free of blame or sin.		
C1	justify	verb	(transitive) To be a good reason behind a normally-unacceptable action; to warrant.		
C1	justify	verb	(transitive) To provide an acceptable explanation for.		
C1	kneel	verb	(intransitive, of a bus or other vehicle) To sink down so that the entrance is level with the pavement, making it easier for passengers to enter.		
C1	kneel	verb	(intransitive) To rest on one's bent knees, sometimes only one; to move to such a position.		
C1	kneel	verb	(transitive) To cause to kneel.		
C1	lawsuit	noun	(law) In civil law, a case where two or more people disagree and one or more of the parties take the case to a court for resolution.		
C1	lawsuit	verb	To bring a lawsuit.		
C1	lid	noun	(figurative) A restraint or control, as when "putting a lid" on something.		
C1	lid	noun	(microelectronics) A hermetically sealed top piece on a microchip such as the integrated heat spreader on a CPU.		
C1	lid	noun	Clipping of eyelid.		
C1	lid	noun	The top or cover of a container.	nắp	
C1	lid	verb	(transitive) To put a lid on (something).		
C1	lordship	noun	(by extension, with "his" or "your", often capitalised) Title applied to a lord, bishop, judge, or another man with a title.		
C1	lordship	noun	Dominion; power; authority.		
C1	lordship	noun	Seigniory; domain; the territory over which a lord holds jurisdiction; a manor.		
C1	lordship	noun	The state or condition of being a lord.		
C1	marvellous	adj	(British spelling) Exciting wonder or surprise; astonishing; wonderful.		
C1	mattress	noun	A form of lagging, in particular for boilers.		
C1	mattress	noun	A form of retaining wall used to support foundations or an embankment		
C1	mattress	noun	A pad on which a person can recline and sleep, usually having an inner section of coiled springs covered with foam or other cushioning material then enclosed with cloth fabric.	nệm	
C1	mattress	verb	(transitive) To cover with a thick layer, like a mattress; to blanket.		
C1	meaningless	adj	Insignificant; not worthy of importance.		
C1	meaningless	adj	Lacking meaning.	vô nghĩa	
C1	merchant	noun	(informal, sometimes derogatory) Someone who is noted for a stated type of activity or behaviour.		
C1	merchant	noun	A person who traffics in commodities for profit.	thương gia	
C1	merchant	noun	A trading vessel; a merchantman.		
C1	merchant	noun	The owner or operator of a retail business.		
C1	merchant	verb	As a resident of a region, to buy goods from a non-resident and sell them to another non-resident.		
C1	mini	adj	Miniature, tiny, small.		
C1	mini	noun	(informal, choreography) A very young dancer.		
C1	mini	noun	(roleplaying games, board games) Abbreviation of miniature (“small figurine of a character”).		
C1	mini	noun	A small bottle of perfume.		
C1	mini	noun	Abbreviation of miniskirt.		
C1	mint	adj	(Northern England, especially Manchester, Geordie, slang) Very good, excellent.		
C1	mint	adj	(numismatics) In near-perfect condition; uncirculated.		
C1	mint	adj	(philately) Unused with original gum; as issued originally.		
C1	mint	adj	Ellipsis of mint condition: like new.		
C1	mint	adj	Of a green color, like that of the mint plant.		
C1	mint	noun	(figuratively) Any place regarded as a source of unlimited supply; the supply itself.		
C1	mint	noun	(informal) A vast sum of money; (by extension) a large amount of something.		
C1	mint	noun	(provincial, Northern England, Scotland) An intent, a purpose; an attempt, a try; an effort, an endeavor.		
C1	mint	noun	A building or institution where money (originally, only coins) is produced under government licence.		
C1	mint	noun	A green color, like that of mint.		
C1	mint	noun	A mint-flavored candy, often eaten to sweeten the smell of the breath.		
C1	mint	noun	Any plant in the genus Mentha in the family Lamiaceae, typically aromatic with square stems.	bạc hà	
C1	mint	noun	The flavoring of the plant, either a sweet, a jelly or sauce.	bạc hà	
C1	mint	verb	(intransitive, chiefly Scotland) To hint; suggest; insinuate.		
C1	mint	verb	(intransitive, provincial, Northern England, Scotland) To try, attempt; take aim.		
C1	mint	verb	(transitive, cryptocurrencies) To create a crypto token.		
C1	mint	verb	(transitive, provincial, Northern England, Scotland) To try, attempt, endeavor; to take aim at; to try to hit; to purpose.		
C1	mint	verb	(transitive) To reproduce (coins), usually en masse, under licence.		
C1	mint	verb	To invent; to forge; to fabricate; to fashion.		
C1	mock	adj	Imitation, not genuine; fake.		
C1	mock	noun	(software engineering) A mockup or prototype; particularly, ellipsis of mock object, as used in unit testing.		
C1	mock	noun	An imitation, usually of lesser quality.		
C1	mock	noun	Ellipsis of mock examination.		
C1	mock	noun	Mockery; the act of mocking.		
C1	mock	verb	(software engineering, transitive) To create a mockup or prototype of.		
C1	mock	verb	To make fun of, especially by mimicking; to taunt.		
C1	mock	verb	To mimic, to simulate.		
C1	mock	verb	To tantalise, and disappoint the hopes of.		
C1	mustache	noun	US standard spelling of moustache.		
C1	naval	adj	(nautical) Of or relating to a navy.	hải quân	
C1	naval	adj	(nautical) Of or relating to ships in general.	tàu bè	
C1	notify	verb	(transitive) To give (someone) notice (of some event).		
C1	nude	adj	(not comparable) Without clothing or other covering of the skin; without clothing on the genitals or female nipples.	trần	
C1	nude	adj	(of clothing, makeup, etc., comparable) Of a color (such as beige or tan) that evokes bare flesh.		
C1	nude	noun	(with article, "the nude") The state of total nudity.	trạng thái khỏa thân	
C1	nude	noun	A color that resembles or evokes bare flesh; a paint, dye, etc. of such color.		
C1	nude	noun	A painting, sculpture, photograph or other artwork or mass-media-reproduced image depicting one or more human figure(s) in a state of near or total undress.		
C1	obligation	noun	(countable) Reason for being obliged to, that is, grateful for, something.		
C1	obligation	noun	A course of action imposed by society, law, or conscience by which someone is bound or restricted.		
C1	obligation	noun	A social, legal, or moral requirement, duty, contract, or promise that compels someone to follow or avoid a particular course of action.		
C1	obligation	noun	The act of binding oneself by a social, legal, or moral tie to someone.	nghĩa vụ	
C1	occupation	noun	(geopolitics, military) The control of a nation or region by a hostile military or paramilitary force.		
C1	occupation	noun	An activity or task with which one occupies oneself; usually specifically the productive activity, service, trade, or craft for which one is regularly paid; a job.	nghề	
C1	occupation	noun	The act, process or state of possessing a place.		
C1	offence	noun	British, Australia, New Zealand, and Canada standard spelling of offense.		
C1	ominous	adj	Of or pertaining to an omen or to omens; being or exhibiting an omen; significant.		
C1	ominous	adj	Specifically, giving indication of a coming ill; being an evil omen		
C1	opposition	noun	(astronomy) The apparent relative position of two celestial bodies when one is at an angle of 180 degrees from the other as seen from the Earth.		
C1	opposition	noun	(politics) A political party or movement opposed to the party or government in power.		
C1	opposition	noun	An opposite or contrasting position.		
C1	opposition	noun	The action of opposing or of being in conflict.		
C1	partnership	noun	(cricket) The period when two specific batsmen are batting, from the fall of one wicket until the fall of the next; the number of runs scored during this period.		
C1	partnership	noun	An association of two or more people to conduct a business.	công ty hợp danh	
C1	partnership	noun	The state of being associated with a partner.		
C1	pawn	noun	(chess) The most numerous chess piece, or a similar piece in a similar game. In chess, each side starts with eight; moves are only forward, and attacks are only diagonally or en passant.	tốt	
C1	pawn	noun	(idiomatic) A person being manipulated by another, being used to some end.		
C1	pawn	noun	(uncountable) The state of being held as security for a loan, or as a pledge.		
C1	pawn	noun	A gallery.		
C1	pawn	noun	Alternative form of paan.		
C1	pawn	noun	An instance of pawning something.		
C1	pawn	verb	(transitive) To give as security on a loan of money; especially, to deposit (something) at a pawn shop.		
C1	pawn	verb	(transitive) To pledge; to stake or wager.		
C1	pawn	verb	(video games) Alternative form of pwn.		
C1	peach	adj	Of or pertaining to the color peach.		
C1	peach	adj	Particularly pleasing or agreeable.		
C1	peach	noun	(countable, uncountable) Soft juicy stone fruit of the peach tree, having yellow flesh, downy, red-tinted yellow skin, and a deeply sculptured pit or stone containing a single seed.	đào	
C1	peach	noun	(countable) Any tree of species Prunus persica, native to China and now widely cultivated throughout temperate regions, having pink flowers and edible fruit.	đào	
C1	peach	noun	(euphemestic, often in plural) Buttock or bottom.		
C1	peach	noun	(uncountable) A light yellow-red colour.		
C1	peculiar	adj	Common or usual for a certain place or circumstance; specific or particular.		
C1	peculiar	adj	Out of the ordinary; odd; strange; unusual.		
C1	peculiar	noun	(UK, canon law) an ecclesiastical district, parish, chapel or church outside the jurisdiction of the bishop of the diocese in which it is situated.		
C1	peculiar	noun	That which is peculiar; a sole or exclusive property; a prerogative; a characteristic.		
C1	peel	noun	(countable, rugby) The action of peeling away from a formation.		
C1	peel	noun	(countable) A cosmetic preparation designed to remove dead skin or to exfoliate.		
C1	peel	noun	(curling) A takeout which removes a stone from play as well as the delivered stone.		
C1	peel	noun	(Scotland, curling) An equal or match; a draw.		
C1	peel	noun	(usually uncountable) The skin or outer layer of a fruit, vegetable, etc.		
C1	peel	noun	A shovel or similar instrument, now especially a pole with a flat disc at the end used for removing pizza or loaves of bread from a baker's oven.		
C1	peel	noun	A T-shaped implement used by printers and bookbinders for hanging wet sheets of paper on lines or poles to dry.		
C1	peel	noun	Alternative form of peal (“a small or young salmon”).		
C1	peel	verb	(croquet) To send through a hoop (of a ball other than one's own).		
C1	peel	verb	(curling) To play a peel shot.		
C1	peel	verb	(intransitive) To become detached, come away, especially in flakes or strips; to shed skin in such a way.		
C1	peel	verb	(intransitive) To remove one's clothing.		
C1	peel	verb	(transitive) To remove something from the outer or top layer of.		
C1	peel	verb	(transitive) To remove the skin or outer covering of.		
C1	petrol	noun	(Commonwealth, excluding Canada) A fluid consisting of a mixture of refined petroleum hydrocarbons, primarily consisting of octane, commonly used as a motor fuel.		
C1	petrol	noun	(informal) A motor vehicle powered by petrol (as opposed to diesel).		
C1	physician	noun	A medical doctor trained in human medicine.	bác sĩ y khoa	
C1	physician	noun	A practitioner of physic, i.e. a specialist in internal medicine, especially as opposed to a surgeon; a practitioner who treats with medication rather than with surgery.		
C1	pinch	noun	A close compression of anything with the fingers.		
C1	pinch	noun	A small amount of powder or granules, such that the amount could be held between fingertip and thumb tip.		
C1	pinch	noun	An awkward situation of some kind (especially money or social) which is difficult to escape.		
C1	pinch	noun	The action of squeezing a small amount of a person's skin and flesh, making it hurt.		
C1	pinch	verb	(intransitive) Of clothing, to be uncomfortably tight in specific spots.		
C1	pinch	verb	To squeeze a small amount of a person's skin and flesh, making it hurt.		
C1	pinch	verb	To squeeze between the thumb and forefinger.		
C1	pinch	verb	To squeeze between two objects.		
C1	porch	noun	(architecture) A covered entrance to a building, whether taken from the interior, and forming a sort of vestibule within the main wall, or projecting without and with a separate roof. A porch often has chair(s), table(s) and swings.		
C1	porch	noun	A portico; a covered walk.		
C1	porch	noun	The platform outside the external hatch of a spacecraft.		
C1	portal	adj	(anatomy) Of or relating to a porta, especially the porta of the liver.		
C1	portal	noun	(bridge-building) The space, at one end, between opposite trusses when these are terminated by inclined braces.		
C1	portal	noun	(science fiction and fantasy) A magical or technological aperture leading to another location, period in time, or dimension.		
C1	portal	noun	A grandiose and often lavish entrance.		
C1	portal	noun	An entrance, entry point, or means of entry.	cổng	
C1	portal	verb	(science fiction, fantasy) To use a portal (magical or technological doorway).		
C1	predict	verb	(intransitive) To make predictions.		
C1	predict	verb	(transitive, of theories, laws, etc.) To imply.		
C1	predict	verb	(transitive) To make a prediction: to forecast, foretell, or estimate a future event on the basis of knowledge and reasoning; to prophesy a future event on the basis of mystical knowledge or power.		
C1	primitive	adj	(grammar) Original; primary; radical; not derived.		
C1	primitive	adj	Crude, obsolete.		
C1	primitive	adj	Of or pertaining to or harking back to a former time; old-fashioned; characterized by simplicity.		
C1	primitive	adj	Of or pertaining to the beginning or origin, or to early times; original; primordial; primeval; first.		
C1	primitive	noun	A member of a primitive society.		
C1	primitive	noun	A simple-minded person.		
C1	primitive	noun	Natural or premodern environment or conditions; life lacking modern technology and society.		
C1	primitive	noun	Primitive or primeval nature; the innate, instinctive element within a person; the deep, instinctive, precultural layer of human nature.		
C1	probation	noun	(law) A type of sentence where convicted criminals are permitted to continue living in a community but will automatically be sent to jail if they violate certain conditions.		
C1	probation	noun	A period of time when a person occupies a position only conditionally and may be removed if certain conditions are not met.		
C1	probation	noun	A testing period of time.		
C1	psychology	noun	(countable) The mental, emotional, and behavioral characteristics pertaining to a specified person, group, or activity.		
C1	psychology	noun	(uncountable, chiefly historical) The study of the soul.		
C1	psychology	noun	(uncountable) The study of human or animal behavior.		
C1	psychology	noun	(uncountable) The study of the human mind.	tâm lý học	
C1	publish	verb	(intransitive) To issue a medium (e.g. publication).	xuất bản	
C1	publish	verb	(transitive) To announce to the public.	công bố	
C1	publish	verb	(transitive) To issue (something, such as printed work) for distribution and/or sale.		
C1	publish	verb	(transitive) To issue the work of (an author).		
C1	quarrel	noun	(countable, archery, historical) An arrow or bolt for a crossbow or an arbalest (“a late, large type of crossbow”), traditionally with the head square in its cross section.		
C1	quarrel	noun	(countable, architecture) A diamond- or square-shaped piece of glass forming part of a lattice window.		
C1	quarrel	noun	(countable, Northern England, architecture) A square tile; a quarry tile; (uncountable) such tiles collectively.		
C1	quarrel	noun	(countable) A dispute or heated argument (especially one that is verbal).	cãi cọ	
C1	quarrel	noun	(countable) Often preceded by a form of to have: a basis or ground of dispute or objection; a complaint; also, a feeling or situation of ill will and unhappiness caused by this.		
C1	quarrel	verb	(intransitive, also figuratively) To argue fiercely; to contend; to squabble; to cease to be on friendly terms, to fall out.		
C1	quarrel	verb	(intransitive) To find fault; to cavil.		
C1	quarrel	verb	(transitive, obsolete except Scotland) To argue or squabble with (someone).		
C1	rapid	adj	(England, dialectal) Violent, severe.		
C1	rapid	adj	Needing only a brief exposure time. (of a lens, plate, film, etc.)		
C1	rapid	adj	Steep, changing altitude quickly. (of a slope)		
C1	rapid	adj	Very swift or quick.		
C1	rapid	noun	(chess) Ellipsis of rapid chess.		
C1	rapid	noun	(usually in the plural) A rough section of a river or stream which is difficult to navigate due to the swift and turbulent motion of the water.		
C1	reflect	verb	(intransitive) To be bent back (light, etc.) from a surface.		
C1	reflect	verb	(intransitive) To be mirrored.		
C1	reflect	verb	(transitive) To bend back (light, etc.) from a surface.		
C1	reflect	verb	(transitive) To mirror, or show the image of something.	phản chiếu	
C1	reign	noun	The exercise of sovereign power.	sự trị vì	
C1	reign	noun	The period during which a monarch rules.	triều đại	
C1	reign	noun	The territory or sphere over which a kingdom; empire; realm; dominion, etc. is ruled.		
C1	reign	verb	(intransitive) To exercise sovereign power, to rule as a monarch.	trị vì	
C1	reign	verb	To be a dominant quality of a place or situation; to prevail, predominate, rule.		
C1	reign	verb	To be the winner of the most recent iteration of a competition.		
C1	reject	noun	(aviation) A rejected takeoff.		
C1	reject	noun	(colloquial) A rejected defective product in a production line.		
C1	reject	noun	(derogatory, slang) An unpopular person.		
C1	reject	noun	Something that is rejected.		
C1	reject	verb	(basketball) To block a shot, especially if it sends the ball off the court.		
C1	reject	verb	(transitive) To refuse a romantic advance.		
C1	reject	verb	(transitive) To refuse to accept; to forswear.	từ chối	
C1	reserved	adj	(comparable) Slow to reveal emotion or opinions.		
C1	reserved	adj	(not comparable) Set aside for a particular person or purpose; spoken for.		
C1	restless	adj	Deprived of rest or sleep.		
C1	restless	adj	Not allowing or affording rest.		
C1	restless	adj	Not satisfied to be at rest or in peace; averse to repose; eager for change; discontented.		
C1	restless	adj	Without rest; unable to be still or quiet; uneasy; continually moving.		
C1	robe	noun	(US) The skin of an animal, especially the bison, dressed with the fur on, and used as a wrap.		
C1	robe	noun	A long loose outer garment, often signifying honorary stature.		
C1	robe	noun	A wardrobe, especially one built into a bedroom.		
C1	robe	noun	The largest and strongest tobacco leaves.		
C1	robe	verb	(intransitive) To put on official vestments.		
C1	robe	verb	(transitive) To clothe; to dress.		
C1	salon	noun	(art) An art gallery or exhibition; especially the Paris salon or autumn salon.		
C1	salon	noun	A beauty salon or similar establishment.		
C1	salon	noun	A gathering of people for a social or intellectual meeting.		
C1	salon	noun	A large room, especially one used to receive and entertain guests.		
C1	selection	noun	A musical piece.		
C1	selection	noun	A variety of items taken from a larger collection.		
C1	selection	noun	Something selected.		
C1	selection	noun	The process or act of selecting.		
C1	sensation	noun	(psychology, physiology) Excitation of sensory organs.		
C1	sensation	noun	A physical feeling or perception from something that comes into contact with the body; something sensed.		
C1	sensation	noun	A widespread reaction of interest or excitement.		
C1	setup	noun	(operations) The process or instance of arranging resources for performing a specific operation, as a run of a particular product.		
C1	setup	noun	A situation orchestrated to frame someone; a covert effort to place the blame on somebody.		
C1	setup	noun	Equipment designed for a particular purpose; an apparatus.		
C1	setup	noun	The fashion in which something is organized or arranged.		
C1	shaft	noun	(by extension) Anything cast or thrown as a spear or javelin.		
C1	shaft	noun	(literary) A beam or ray of light.		
C1	shaft	noun	Any long thin object, such as the handle of a tool.		
C1	shaft	noun	The long, narrow, central body of a spear, arrow, or javelin.		
C1	shaft	verb	(transitive, slang) To fuck over; to cause harm to, especially through deceit or treachery.		
C1	shaft	verb	(transitive, slang) To fuck; to have sexual intercourse with.		
C1	shaft	verb	(transitive) To equip with a shaft.		
C1	shin	noun	A fishplate for a railway		
C1	shin	noun	The front part of the leg below the knee; the front edge of the shin bone: Shinbone on Wikipedia.Wikipedia	ống quyển	
C1	shin	noun	The twenty-first letter of many Semitic alphabets/abjads (Phoenician, Aramaic, Hebrew, Syriac, Arabic and others): Shin (letter) on Wikipedia.Wikipedia		
C1	shin	verb	(US, slang) To run about borrowing money hastily and temporarily, as when trying to make a payment.		
C1	shin	verb	To climb up or lower oneself down a mast, tree, rope, or the like, by embracing it alternately with the arms and legs, without help of steps, spurs, or the like.		
C1	shin	verb	To strike with the shin.		
C1	shovel	noun	(especially US, loosely) Any shovel in the above senses, or any spade.		
C1	shovel	noun	A hand tool with a handle, used for moving portions of material such as earth, snow, and grain from one place to another, with some forms also used for digging. In strict usage differentiated from a spade, which is designed solely for small-scale digging and incidental tasks such as chopping of small roots.		
C1	shovel	noun	A mechanical part of an excavator with a similar function.		
C1	shovel	noun	Ellipsis of shovel hat.		
C1	shovel	verb	(transitive, figuratively) To move with a shoveling motion.		
C1	shovel	verb	To move materials with a shovel.		
C1	sip	noun	A small mouthful of drink.	hớp	
C1	sip	noun	An event at which people drink alcohol in small, usually subintoxicating amounts.		
C1	sip	verb	(figurative, transitive) To consume slowly.		
C1	sip	verb	(intransitive) To drink a small quantity.		
C1	sip	verb	(transitive) To drink slowly, small mouthfuls at a time.	hớp	
C1	sip	verb	(transitive) To taste the liquor of; to drink out of.		
C1	sleeve	noun	A (usually tubular) covering or lining to protect a piece of machinery etc.		
C1	sleeve	noun	A protective jacket or case, especially for a record, containing art and information about the contents; also the analogous leaflet found in a packaged CD.		
C1	sleeve	noun	A tattoo covering the whole arm.		
C1	sleeve	noun	The part of a garment that covers the arm.	tay áo	
C1	sleeve	verb	(magic tricks) To hide something up one's sleeve.		
C1	sleeve	verb	(transitive) To fit and attach a sleeve to an upper garment (e.g. to a shirt, blouse, sweater, jacket, coat, etc.) or to a folder.		
C1	spa	noun	(Ireland, slang) A clumsy person (see spastic)		
C1	spa	noun	(Ireland, slang) An idiot; a gobshite		
C1	spa	noun	A health club.		
C1	spa	noun	A health resort near a mineral spring or hot spring.		
C1	spa	noun	A hot tub.		
C1	spa	noun	A trendy or fashionable resort.		
C1	spine	noun	(neuroscience) Ellipsis of dendritic spine.		
C1	spine	noun	A linear payscale operated by some large organizations that allows flexibility for local and specific conditions.		
C1	spine	noun	Something resembling a backbone, such as a ridge, or a long, central structure from which other structures radiate.	xương sống	
C1	spine	noun	The narrow, bound edge of a book that encloses the inner edges of the pages, facing outwards when the book is on a shelf and typically bearing the title and the author's and publisher's name.	gáy sách	
C1	stash	noun	(countable, textiles) A collection of yarn or other materials not yet allocated to any particular craft project.		
C1	stash	noun	(countable, US, slang, informal, African-American Vernacular) A place where drugs are stored.		
C1	stash	noun	(countable) A collection, sometimes hidden.		
C1	stash	noun	(nonstandard, informal, slang) A mustache.		
C1	stash	noun	(uncountable, UK, slang) Clothing or other items branded with a particular university club or society's logo.		
C1	stash	verb	(transitive) To hide or store away for later use.		
C1	sticky	adj	Difficult, awkward.		
C1	sticky	adj	Of a death: unpleasant, grisly.		
C1	sticky	adj	Of weather: hot and windless and with high humidity, so that people feel sticky from sweating.		
C1	sticky	adj	Tending to stick; able to adhere via the drying of a viscous substance.		
C1	sticky	noun	(Australia, colloquial) A sweet dessert wine.		
C1	sticky	noun	(Internet) A discussion thread fixed at the top of the list of topics or threads so as to keep it in view.		
C1	sticky	noun	(manufacturing) A small adhesive particle found in wastepaper.		
C1	sticky	noun	A sticky note, such as a post-it note.		
C1	sticky	verb	(Internet, bulletin boards, transitive) to fix a thread at the top of the list of topics or threads so as to keep it in view.		
C1	submarine	adj	(baseball) Of a pitch, thrown with the hand lower than the elbow.		
C1	submarine	adj	Being, relating to, or made for use underwater, especially beneath the sea.		
C1	submarine	adj	Hidden or undisclosed.		
C1	submarine	noun	(baseball) A pitch delivered with an underhand motion.		
C1	submarine	noun	(nautical) A boat that can go underwater.		
C1	submarine	noun	Alternative form of submarine sandwich.		
C1	submarine	noun	Any submarine plant or animal.		
C1	submarine	verb	(intransitive, automotive) To slide forwards underneath one's seat belt (during a crash or sudden stop).		
C1	submarine	verb	(intransitive, sometimes figurative) To sink or submerge oneself.		
C1	submarine	verb	(intransitive) To operate or serve on a submarine.		
C1	submarine	verb	(transitive) To torpedo; to destroy with a sudden sneak attack.		
C1	sultan	noun	(card games, uncountable) A variant of solitaire, played with two decks of cards.		
C1	sultan	noun	(historical) The holder of a secular office, formally subordinate to, but de facto the power behind the throne of, the caliph.		
C1	sultan	noun	A breed of chicken originating in Turkey, kept primarily in gardens for ornamental reasons. See: sultan (chicken)		
C1	sultan	noun	A hereditary ruler in various Muslim states (sultanate), varying from petty principalities (as in Yemen), often vassal of a greater ruler, to independent realms, such as Oman, Brunei, Morocco (until 1957) or an empire such as the Turkish Ottoman Empire.	vua	
C1	sunlight	noun	(attributive) Synonym of photic (“describing that part of the near-surface ocean in which photosynthesis is possible.”).		
C1	sunlight	noun	(figuratively) Brightness, hope; a positive outlook.		
C1	sunlight	noun	All the electromagnetic radiation given off by the Sun; especially, that in the visible spectrum and that bathes the Earth.	ánh nắng	
C1	sunlight	noun	Synonym of sunrise.		
C1	sunlight	verb	To work on the side (at a secondary job) during the daytime.		
C1	sunrise	noun	(figuratively) Any great awakening.		
C1	sunrise	noun	The change in color of the sky at dawn.		
C1	sunrise	noun	The time of day when the sun appears above the eastern horizon.	bình minh	
C1	sunrise	verb	(business, uncommon, transitive) To phase in.		
C1	supermarket	noun	(figurative) A one-stop shop; a place offering a range of products or services.		
C1	supermarket	noun	A chain of such stores.	siêu thị	
C1	supermarket	noun	A large self-service store that sells groceries and, usually, medications, household goods, and/or clothing.	siêu thị	
C1	sushi	noun	(proscribed) Raw fish, especially as a Japanese dish.	sushi	
C1	sushi	noun	A Japanese dish made of small portions of sticky white rice flavored with vinegar, usually wrapped in seaweed and filled or topped with fish, vegetables or meat.	sushi	
C1	sushi	verb	(transitive, informal) To prepare (a food) as sushi.		
C1	swine	noun	(derogatory) A contemptible person (plural swine or swines).		
C1	swine	noun	(plural swine) A pig (the animal).		
C1	swine	noun	(slang, derogatory) A police officer; a "pig".		
C1	swine	noun	(slang, derogatory) Something difficult or awkward; a pain.		
C1	terminal	adj	Appearing at the end; top or apex of a physical object.		
C1	terminal	adj	Fatal; resulting in death.		
C1	terminal	adj	Occurring at the end of a word, sentence, or period of time, and serves to terminate it		
C1	terminal	noun	A building in an airport where passengers transfer from ground transportation to the facilities that allow them to board airplanes.		
C1	terminal	noun	A harbour facility where ferries embark and disembark passengers and load and unload vehicles.		
C1	terminal	noun	A rail station where service begins and ends; the end of the line. For example: Grand Central Terminal in New York City.		
C1	terminal	noun	A rate charged on all freight, regardless of distance, and supposed to cover the expenses of station service, as distinct from mileage rate, generally proportionate to the distance and intended to cover movement expenses.		
C1	terminal	verb	To store bulk liquids (such as oil or chemicals) in storage tanks prior to further distribution.		
C1	thorough	adj	Painstaking and careful not to miss or omit any detail.		
C1	thorough	adj	Utter; complete; absolute.		
C1	thorough	noun	(UK, dialect) A furrow between two ridges, to drain off the surface water.		
C1	tidy	adj	(data science, of data in a dataset) Normalized in a certain way that optimizes for data analysis.		
C1	tidy	adj	Appropriate or suitable as regards occasion, circumstances, arrangement, or order.		
C1	tidy	adj	Arranged neatly and in order.		
C1	tidy	adj	Not messy; neat and controlled.		
C1	tidy	noun	(now chiefly in combination with a modifier) A container or other device for storing or organizing loose items in a tidy fashion.		
C1	tidy	noun	A cover, often of tatting, drawn work, or other ornamental work, for the back of a chair, the arms of a sofa, etc.		
C1	tidy	noun	The wren.		
C1	tidy	phrase	(Wales) Expression of agreement or positive acknowledgement, usually in reply to a question; great, fine.		
C1	tidy	verb	To make tidy; to neaten.		
C1	til	conj	(colloquial) until, till		
C1	til	noun	Any of species Ocotea foetens in family Lauraceae, native to Madeira and the Canary Islands.		
C1	til	noun	Sesame (plant: Sesamum indicum)		
C1	til	prep	(colloquial) until, till		
C1	translate	noun	(mathematical analysis) In Euclidean spaces: a set of points obtained by adding a given fixed vector to each point of a given set.		
C1	translate	verb	Senses relating to a change of position.		
C1	translate	verb	Senses relating to the change of information, etc., from one form to another.		
C1	treaty	noun	(countable, international law) A formal binding agreement concluded by subjects of international law, namely, states and international organizations; a convention, a pact.	điều ước	
C1	treaty	verb	(intransitive) To enter into a treaty.		
C1	treaty	verb	(transitive) To get into (a specific situation) through a treaty.		
C1	unlock	noun	(video games) An initially hidden feature that is made available to reward the player for some achievement.		
C1	unlock	noun	The act of unlocking something.		
C1	unlock	verb	(transitive, mobile telephony) To configure (a mobile phone) so that it is not bound to any particular carrier.		
C1	unlock	verb	(transitive) To disclose or reveal previously unknown knowledge or potential.		
C1	unlock	verb	(transitive) To obtain access to something; to meet the requirements of a security or protection system.		
C1	unlock	verb	(transitive) To undo or open a lock or something locked by, for example, turning a key, or selecting a combination.	mở khóa	
C1	unlucky	adj	Bringing ill luck.		
C1	unlucky	adj	Having ill luck.		
C1	unlucky	adj	Inauspicious.		
C1	unlucky	adj	Unfortunate, marked by misfortune.	xui xẻo	
C1	urban	adj	Having authority or jurisdiction over a city or town.		
C1	urban	adj	Living in a city or town.		
C1	urban	adj	Of, pertaining to, characteristic of, or happening or located in, a city or town; of, pertaining to, or characteristic of life in such a place, especially when contrasted with the countryside.	thành phố	
C1	urine	noun	(physiology) Liquid waste consisting of water, salts, and urea, which is made in the kidneys, stored in the bladder, then released through the urethra.	nước tiểu	
C1	venture	noun	A risky or daring undertaking or journey.		
C1	venture	noun	An event that is not, or cannot be, foreseen.		
C1	venture	noun	The thing risked; especially, something sent to sea in trade.		
C1	venture	verb	(intransitive, with at or on) To dare to engage in; to attempt without any certainty of success.		
C1	venture	verb	(transitive) To put or send on a venture or chance.		
C1	venture	verb	(transitive) To risk or offer.		
C1	venture	verb	(transitive) To undertake a risky or daring journey.		
C1	virtue	noun	(conceptually): (uncountable) The idea of all that is good or excellent (in every sense of those terms) in a human being, collectively instantiated by a varying number of human traits known as "the virtues", the enumeration of which vary by the many virtue systems which have developed within different cultures, religions, and historical periods.		
C1	virtue	noun	(countable) An attribute of a personality (a "personality trait") which predisposes a person to behaviors resulting in human goodness; an admirable quality.		
C1	virtue	noun	(uncountable) Accordance with moral principles; conformity of behaviour or thought with the strictures of morality; good moral conduct.		
C1	virtue	noun	A particular manifestation of moral excellence in a person.		
C1	voyage	noun	A long journey, especially by ship.		
C1	voyage	verb	(intransitive) To go on a long journey.		
C1	waist	noun	A part of a piece of clothing that covers the waist.		
C1	waist	noun	The middle part of anything.		
C1	waist	noun	The middle portion of the hull of a ship or the fuselage of an aircraft.		
C1	waist	noun	The narrow connection between the thorax and abdomen in certain insects (e.g., bees, ants and wasps).		
C1	warp	noun	(countable) A distortion:		
C1	warp	noun	(figurative) The foundation, the basis, the undergirding.		
C1	warp	noun	(uncountable) The state, quality, or condition of being twisted, physically or mentally:		
C1	warp	noun	(weaving) The threads that run lengthwise in a woven fabric; crossed by the woof or weft.		
C1	warp	verb	(ambitransitive, agriculture) To fertilize (low-lying land) by letting the tide, a river, or other water in upon it to deposit silt and alluvial matter.		
C1	warp	verb	(transitive, weaving) To arrange strands of thread lengthwise on a loom.		
C1	warp	verb	To move:		
C1	warp	verb	To twist or become twisted, physically or mentally.		
C1	workshop	noun	A brief, intensive course of education for a small group, emphasizing interaction and practical problem solving.		
C1	workshop	noun	A room, especially one which is not particularly large, used for manufacturing or other light industrial work.		
C1	workshop	noun	An academic conference.		
C1	workshop	verb	(transitive, business) To improve through collaboration.		
C1	workshop	verb	(transitive) To help a playwright revise a draft of (a play) by rehearsing it with actors and critiquing the results.		
C1	workshop	verb	(transitive) To work on or revise something, especially collaboratively, in a workshop.		
C2	abundance	noun	A large quantity; many.		
C2	abundance	noun	An overflowing fullness or ample sufficiency; profusion; copious supply; superfluity; plentifulness.	phong phú	
C2	abundance	noun	Frequency, amount, ratio of something within a given environment or sample.		
C2	abundance	noun	Wealth; affluence; plentiful amount of resources.		
C2	accommodation	noun	(British, Australia, a mass noun) Lodging in a dwelling or similar living quarters afforded to travellers in hotels or on cruise ships, or students, etc.	phòng ở	
C2	accommodation	noun	(countable, geology) The place where sediments can make, or have made, a sedimentation.		
C2	accommodation	noun	(personal) Adaptation or adjustment.		
C2	accommodation	noun	(physical) Adaptation or adjustment.		
C2	accordance	noun	Agreement; harmony; conformity; compliance.		
C2	accordance	noun	The act of granting something.		
C2	administer	verb	(intransitive) To minister (to).		
C2	administer	verb	(transitive) To apportion out, distribute.		
C2	administer	verb	(transitive) To manage or supervise the conduct, performance or execution of; to govern or regulate the parameters for the conduct, performance or execution of; to work in an administrative capacity.		
C2	administer	verb	To give, as an oath.		
C2	aft	adj	located at the back of a boat, ship, or airplane		
C2	aft	adv	(nautical) At, near, or towards the stern of a vessel (with the frame of reference within the vessel).		
C2	aft	noun	(nautical) The rear part (after end) of a ship or other vessel.		
C2	almond	adj	Brownish, resembling the colour of an almond nut.		
C2	almond	noun	(countable) The seed within the drupe of a small deciduous tree in family Rosaceae, Prunus amygdalus, considered a culinary nut.	hạnh nhân	
C2	almond	noun	(countable) The tree that produces almonds.	hạnh đào	
C2	almond	noun	(uncountable) The colour of the kernel of an almond without its shell and thin seed coat, a creamy off-white colour.		
C2	almond	noun	Other plants that produce almond-like nuts:	hạnh nhân	
C2	aneurysm	noun	(pathology) An abnormal blood-filled swelling of an artery or vein, resulting from a localized weakness in the wall of the vessel.		
C2	arthritis	noun	Inflammation of a joint or joints causing pain and/or disability, swelling and stiffness, and due to various causes such as infection, trauma, degenerative changes or metabolic disorders: any of several disease entities.	viêm khớp	
C2	assurance	noun	Excessive boldness; impudence; audacity		
C2	assurance	noun	Firmness of mind; undoubting steadiness; intrepidity, courage, or self-confidence.		
C2	assurance	noun	The act of assuring; a declaration intended to inspire full confidence; something designed to give confidence to someone.		
C2	assurance	noun	The state of being assured; total confidence or trust; a lack of doubt; certainty; guarantee.		
C2	astronomy	noun	The study of the physical universe beyond the Earth's atmosphere, including the process of mapping locations and properties of the matter and radiation in the universe.	thiên văn học	
C2	atmospheric	adj	(painting) Translucent or hazy.		
C2	atmospheric	adj	Evoking a particular emotional or aesthetic quality.		
C2	atmospheric	adj	Of, relating to, produced by, or coming from the atmosphere.		
C2	audit	noun	A judicial examination.		
C2	audit	noun	An examination in general.		
C2	audit	noun	An independent review and examination of records and activities to assess the adequacy of system controls, to ensure compliance with established policies and operational procedures, and to recommend necessary changes in controls, policies, or procedures		
C2	audit	noun	The result of such an examination, or an account as adjusted by auditors; final account.		
C2	audit	verb	(finance, business, transitive) To conduct an independent review and examination of system records and activities in order to test the adequacy and effectiveness of data security and data integrity procedures, to ensure compliance with established policy and operational procedures, and to recommend any necessary changes		
C2	audit	verb	(Scientology, transitive) To counsel spiritually.		
C2	audit	verb	(transitive) To attend an academic class without the opportunity to receive academic credit.		
C2	audit	verb	(transitive) To examine and adjust (e.g. an account).		
C2	barricade	noun	(figuratively, in the plural) A place of confrontation.		
C2	barricade	noun	(figuratively) Line of people standing behind or closest to the barricade in the pit section of a live music concert.		
C2	barricade	noun	A barrier constructed across a road, especially as a military defence		
C2	barricade	noun	An obstacle, barrier, or bulwark.		
C2	barricade	verb	To close or block a road etc., as, or using, a barricade.		
C2	barricade	verb	To keep someone in (or out), using a blockade, especially ships in a port.		
C2	beneficial	adj	Helpful or good to something or someone.		
C2	beneficial	adj	Receiving a benefit from something.		
C2	beneficial	adj	Relating to a benefice.		
C2	beneficial	noun	Something that provides a benefit.		
C2	beseech	verb	(formal) To beg or implore something of (a person).		
C2	beseech	verb	(formal) To beg or request for (something).		
C2	bio	adj	(informal) biological.		
C2	bio	noun	(informal) Clipping of biology.		
C2	bio	noun	(social media) A short section of a user profile that contains information about the user, especially one which can be customised; the about me section.		
C2	bio	noun	A biographical sketch.		
C2	bio	noun	Clipping of biography.		
C2	blizzard	noun	(figuratively) A large amount of paperwork.		
C2	blizzard	noun	(figuratively) A large number of similar things; especially, such a group arriving as an inundation, thick and fast.		
C2	blizzard	noun	A large snowstorm accompanied by strong winds and greatly reduced visibility caused by blowing snow.		
C2	blizzard	verb	(impersonal, of snow) To fall in windy conditions.		
C2	bossy	adj	Ornamented with bosses; studded.		
C2	bossy	adj	Tending to give orders to others, especially when unwarranted; domineering.		
C2	caterpillar	noun	(mathematics) A set of subtrees of a tree.		
C2	caterpillar	noun	A vehicle with a caterpillar track; a crawler.		
C2	caterpillar	noun	The larva of a butterfly or moth; leafworm.	sâu	
C2	caterpillar	verb	(intransitive) To move along slowly, drawing one's body up, in the manner of a caterpillar.		
C2	chainsaw	noun	(forestry, machinery, DIY) A power saw that has a power-driven and fast-revolving chain of metal teeth, usually used to cut trees.	cưa máy	
C2	chainsaw	verb	(figurative) To make quick and substantial spending cuts.		
C2	chainsaw	verb	(transitive, forestry, DIY) To cut with a chainsaw.		
C2	chestnut	adj	Of a deep reddish-brown colour, like that of a chestnut fruit (noun sense 1).	nâu hạt dẻ	
C2	chestnut	noun	(by extension) Things resembling a chestnut fruit in appearance or colour.		
C2	chestnut	noun	(countable, figurative) Chiefly in old chestnut: a joke, meme, phrase, ploy, etc. which has been repeated so often as to have grown ineffective or tiresome; a cliché.		
C2	chestnut	noun	(countable) An edible nut (technically a fruit) of the Spanish chestnut or sweet chestnut tree (Castanea sativa); also (chiefly preceded by a descriptive word), a nut from a related shrub or tree; or a similar nut from an unrelated plant.		
C2	chestnut	noun	(countable) In full chestnut tree: the shrub or tree that bears this nut, the Spanish chestnut or sweet chestnut (Castanea sativa); also (chiefly preceded by a descriptive word), a shrub or tree of the genus Castanea.		
C2	cider	noun	(Australia) A non-alcoholic carbonated beverage made from apples or pears.		
C2	cider	noun	(British, Ireland, Australia, New Zealand, Canada) An alcoholic, often sparkling (carbonated) beverage made from fermented apples.		
C2	cider	noun	(US, Canada) A non-alcoholic uncarbonated beverage consisting of the juice of early-harvest apples, usually unfiltered and still containing pulp; without pulp such a beverage is called apple juice.		
C2	cider	noun	This or any similar alcoholic drink made from similar fruit, such as pears.		
C2	cleanup	noun	(baseball) Fourth in the batting order; a cleanup hitter.		
C2	cleanup	noun	The act of cleaning or tidying something; the act of finishing something off.		
C2	commentary	noun	(usually in the plural) A brief account of transactions or events written hastily, as if for a memorandum.		
C2	commentary	noun	A series of comments or annotations; especially, a book of explanations or expositions on the whole or a part of some other work.		
C2	commentary	noun	An oral relation of an event, especially broadcast by television or radio, as it occurs.		
C2	consultation	noun	A conference for the exchange of information and advice.		
C2	consultation	noun	An appointment or meeting with a professional person, such as a doctor.		
C2	consultation	noun	The act of consulting.	sự tham khảo	
C2	cosy	adj	(of a person) Warm and comfortable.		
C2	cosy	adj	(of a place or object) Affording comfort and warmth; snug; social and comfortable.	ấm cúng	
C2	cosy	noun	A padded or knit covering for any item (often an electronic device such as a laptop computer).		
C2	cosy	noun	A padded or knit covering put on an item to keep it warm, especially a teapot or egg.		
C2	cosy	noun	A work of crime fiction in which sex and violence are downplayed or treated humorously, and the crime and detection take place in a small, socially intimate community.		
C2	cosy	verb	To become friendly with.		
C2	cosy	verb	To become snug and comfortable.		
C2	criteria	noun	(nonstandard, proscribed) A single criterion.		
C2	cutler	noun	One whose business is making or dealing in cutlery.		
C2	deluxe	adj	Very fine in quality or luxurious.		
C2	deluxe	noun	Something that is deluxe.		
C2	dementia	noun	(pathology) A progressive decline in cognitive function due to damage or disease in the brain beyond what might be expected from normal aging. Areas particularly affected include memory, attention, judgement, language and problem solving.	suy giảm trí nhớ	
C2	dementia	noun	Madness or insanity.		
C2	diameter	noun	(geometry) Any straight line between two points on the circumference of a circle that passes through the centre/center of the circle; a chord that passes through the center of the circle.	đường kính	
C2	diameter	noun	(geometry) The length of such a line.	đường kính	
C2	diameter	noun	(geometry) The maximum distance between any two points in a metric space.		
C2	diameter	noun	(graph theory) The maximum eccentricity over all vertices in a graph.		
C2	diplomacy	noun	Tact and subtle skill in dealing with people so as to avoid or settle hostility.		
C2	diplomacy	noun	The art and practice of conducting international relations by negotiating alliances, treaties, agreements etc., bilaterally or multilaterally, between states and sometimes international organizations, or even between polities with varying status, such as those of monarchs and their princely vassals.		
C2	domination	noun	(BDSM) A fetish characterized by control and power over and discipline of one's sexual partner; sometimes including topping or sadism.		
C2	domination	noun	(Christianity) A dominion; an angel from a high order of angels in the celestial hierarchy.		
C2	domination	noun	Control by means of superior ability, influence, position, or resources; prevailing force.		
C2	domination	noun	The exercise of power in ruling; sovereignty; authority; government.		
C2	downfall	noun	A precipitous decline in fortune; death or rapid deterioration, as in status or wealth.		
C2	downfall	noun	An act of falling down.		
C2	downfall	noun	The cause of such a fall; a critical blow or error.		
C2	downfall	verb	(intransitive) To fall down; deteriorate; decline.		
C2	duet	noun	(music) A musical composition in two parts, each performed by a single voice (singer, instrument or univoce ensemble).		
C2	duet	noun	(music) A song composed for and/or performed by a duo.		
C2	duet	noun	A pair or couple, especially one that is harmonious or elegant.		
C2	duet	verb	(intransitive, zoology, of pairs of animals) To communicate (warnings, mating calls, etc.) through song.		
C2	duet	verb	(intransitive) To perform a duet.		
C2	duet	verb	(transitive) (of two people) To say at the same time, to chorus.		
C2	duet	verb	(transitive) To perform (sing, play, etc.) as a duet.		
C2	elect	adj	(postpositive) Who has been elected in a specified post, but has not yet entered office.	tân cử	
C2	elect	adj	Chosen; taken by preference from among two or more.		
C2	elect	noun	(theology) In Calvinist theology, one foreordained to Heaven. In other Christian theologies, someone chosen by God for salvation.		
C2	elect	noun	One chosen or set apart.		
C2	elect	verb	(transitive) To choose (a candidate) in an election.		
C2	elect	verb	(transitive) To choose or make a decision (to do something).		
C2	electrician	noun	A tradesperson who installs, repairs and maintains electrical wiring and equipment.		
C2	erratic	adj	Deviating from normal opinions or actions; eccentric; odd.		
C2	erratic	adj	Unsteady, random; prone to unexpected changes; not consistent.		
C2	erratic	noun	(geology) A rock moved from one location to another, usually by a glacier.		
C2	erratic	noun	Anything that has erratic characteristics.		
C2	evaluate	verb	(intransitive, computing, mathematics) To return or have a specific value.		
C2	evaluate	verb	(transitive, mathematics, computing) To compute or determine the value of (an expression).		
C2	evaluate	verb	(transitive) To draw conclusions from examining; to assess; to appraise.		
C2	extraordinarily	adv	In an extraordinary manner.		
C2	extravagant	adj	Exceeding the bounds of something; roving; hence, foreign.		
C2	extravagant	adj	Exorbitant		
C2	extravagant	adj	Extreme; wild; excessive; unrestrained.		
C2	extravagant	adj	Profuse in expenditure; prodigal; wasteful.		
C2	farmhouse	noun	A house (usually the main house) on a farm; thus:		
C2	fascination	noun	Something which fascinates.		
C2	fascination	noun	The state or condition of being fascinated.		
C2	fireball	adj	(slang) Excellent, terrific.		
C2	fireball	noun	(astronautics) A bright glow caused by a spacecraft re-entering an atmosphere.		
C2	fireball	noun	(sailing) A class of sailing dinghy with a single trapeze and a symmetrical spinnaker, sailed by a crew of two.		
C2	fireball	noun	A ball of fire, especially one associated with an explosion, or (fiction, mythology) thrown as a weapon.		
C2	fireball	noun	Synonym of fastball (“a high-speed pitch of a baseball”).		
C2	fireball	verb	(transitive, fiction, chiefly fantasy, science fiction) To attack (someone or something) with balls of fire.		
C2	fireball	verb	To emerge suddenly; to explode.		
C2	fireball	verb	To explode in a ball of fire or flame.		
C2	fireball	verb	To pitch a baseball very fast.		
C2	flair	noun	A natural or innate talent or aptitude.		
C2	flair	noun	Distinctive style or elegance.		
C2	flair	verb	(transitive) To add flair.		
C2	flask	noun	A bed in a gun carriage.		
C2	flask	noun	A container used to discreetly carry a small amount of a hard alcoholic beverage; a pocket flask.		
C2	flask	noun	A narrow-necked vessel of metal or glass, used for various purposes; as of sheet metal, to carry gunpowder in; or of wrought iron, to contain quicksilver; or of glass, to heat water in, etc.		
C2	flask	noun	A nuclear flask, a large, secure lead-lined container for the transport of nuclear material.		
C2	flask	verb	(dentistry) To invest a denture in a flask so as to produce a sectional mold.		
C2	florist	noun	A florist's shop.		
C2	florist	noun	A person who cultivates flowers.		
C2	florist	noun	A person who sells flowers.	người bán hoa	
C2	florist	noun	A person who studies or writes about flowers.		
C2	foggy	adj	(figuratively) Confused, befuddled, or vague.		
C2	foggy	adj	Being, covered with, or pertaining to fog (“tall grass etc that grows after, or is left after, cutting; moss”)		
C2	foggy	adj	Obscured by mist or fog; unclear; hazy.	có sương mù	
C2	frail	adj	Easily broken physically; not firm or durable; liable to fail and perish.		
C2	frail	adj	Liable to fall from virtue or be led into sin; not strong against temptation; weak in resolution; unchaste.		
C2	frail	adj	Mentally fragile.		
C2	frail	adj	Weak; infirm.		
C2	frail	noun	A basket made of rushes, used chiefly to hold figs and raisins.		
C2	frail	noun	A rush for weaving baskets.		
C2	frail	noun	Synonym of farasola (“old unit of weight”).		
C2	frail	noun	The quantity of fruit or other items contained in a frail.		
C2	frail	verb	To play a stringed instrument, usually a banjo, by picking with the back of a fingernail.		
C2	frantic	adj	Extremely energetic.		
C2	frantic	adj	In a state of panic, worry, frenzy, or rush.		
C2	fussy	adj	Anxious or particular about petty details; hard to please.		
C2	fussy	adj	Having a tendency to fuss, cry, or be bad-tempered/ill-tempered (especially of babies).		
C2	fussy	adj	Having much unnecessary detail or decoration.		
C2	gallon	noun	(British, Canada) exactly 4.54609 liters; an imperial gallon		
C2	gallon	noun	(US) 231 cubic inches or approximately 3.785 liters for liquids (a "U.S. liquid gallon")		
C2	gallon	noun	(US) one-eighth of a U.S. bushel or approximately 4.405 liters for dry goods (a "U.S. dry gallon").		
C2	gallon	noun	A unit of volume, equivalent to eight pints		
C2	geisha	noun	A Japanese female entertainer skilled in various arts such as tea ceremony, dancing, singing and calligraphy.	geisha	
C2	gore	noun	(obsolete except in dialects) Dirt, filth, often dung or mud.		
C2	gore	noun	(surveying, chiefly US) A small piece of land left unincorporated due to competing surveys or a surveying error.		
C2	gore	noun	A triangular or rhomboid piece of fabric, especially one forming part of a three-dimensional surface such as a sail or a skirt.		
C2	gore	noun	A triangular piece of land where roads meet.		
C2	gore	noun	Blood, especially that from a wound when thickened due to exposure to the air.		
C2	gore	noun	Carnage, bloodshed, murder, violence.		
C2	gore	noun	Pictures and videos of graphic violence and human death.		
C2	gore	noun	The curved surface that lies between two close lines of longitude on a globe, or an equivalent section of a spherical or dome-shaped object in general.ᵂᵖ		
C2	gore	verb	(transitive, of an animal) To pierce with a horn or tusk.	húc	
C2	gore	verb	To cut into a triangular form.		
C2	gore	verb	To provide with a gore.		
C2	hallucination	noun	(artificial intelligence) A confident but incorrect response given by an artificial intelligence; a confabulation.		
C2	hallucination	noun	A sensory perception of something that does not exist, often arising from disorder of the nervous system, as in delirium tremens.		
C2	hallucination	noun	The act of hallucinating; a wandering of the mind; an error, mistake or blunder.		
C2	hearty	adj	Cheerful; vivacious.		
C2	hearty	adj	Energetic, active or eager.		
C2	hearty	adj	Exhibiting strength; firm; courageous.		
C2	hearty	adj	Warm and cordial towards another person.		
C2	heavyweight	adj	Being a leader in one's field.		
C2	heavyweight	adj	Being relatively heavy.		
C2	heavyweight	adj	Important or impressive.		
C2	heavyweight	adj	Of the heavyweight boxing (or similar) division.		
C2	heavyweight	noun	(uncountable, boxing) The professional boxing weight class for boxers weighing more than 190 pounds; a boxer in that division.		
C2	heavyweight	noun	(uncountable, by extension) A similar division and contestant in other sports.		
C2	heavyweight	noun	A very large, heavy, or impressive person.		
C2	herpes	noun	(medicine) A viral infection, caused by Human alphaherpesvirus 1 and Human alphaherpesvirus 2, marked by painful, watery blisters in the skin or in the mucous membranes or on the genitals.		
C2	hoop	noun	(now chiefly historical) A circle, or combination of circles, of thin whalebone, metal, or other elastic material, used for expanding the skirts of ladies' dresses; (hence, by extension) a hoop petticoat or hoop skirt.		
C2	hoop	noun	A circular band of metal used to bind a barrel.		
C2	hoop	noun	A circular band of metal, wood, or similar material used for forming part of a framework such as an awning or tent.		
C2	hoop	noun	A shout; a whoop, as in whooping cough.		
C2	hoop	noun	Any circular band or ring.		
C2	hoop	verb	(intransitive, slang) To play basketball.		
C2	hoop	verb	(transitive) To bind or fasten using a hoop.		
C2	hoop	verb	(transitive) To clasp; to encircle; to surround.		
C2	hymn	noun	A song of praise or worship, especially a religious one.	thánh ca	
C2	hymn	verb	(ambitransitive) To sing a hymn.		
C2	hymn	verb	(transitive) To praise or extol in hymns.		
C2	hypocrisy	noun	An instance of hypocrisy.		
C2	hypocrisy	noun	The claim or pretense of having beliefs, standards, qualities, behaviours, virtues, motivations, etc. which one does not really have.		
C2	hypocrisy	noun	The contrivance of a false appearance of virtue or goodness, while concealing real character or inclinations, especially with respect to religious and moral beliefs; hence in general sense, dissimulation, pretence, sham.		
C2	hypocrisy	noun	The practice of engaging in the same behaviour or activity for which one criticises another; moral self-contradiction whereby the behavior of one or more people belies their own claimed or implied possession of certain beliefs, standards or virtues.		
C2	hysteria	noun	(informal, psychopathology) Synonym of conversion disorder.		
C2	hysteria	noun	(medicine, nosologically dated) A mental disorder characterized by emotional excitability etc. without an organic cause.		
C2	hysteria	noun	Behavior exhibiting excessive or uncontrollable emotions, in a wide range from joy to panic but usually including anxiety or fear.	ittêri	
C2	ideology	noun	(uncountable) The study of the origin and nature of ideas.		
C2	ideology	noun	Doctrine, philosophy, body of beliefs or principles belonging to an individual or group.		
C2	illegitimate	adj	Not conforming to known principles, or established or accepted rules or standards.		
C2	illegitimate	adj	Not correctly deduced.		
C2	illegitimate	adj	Not in accordance with the law.		
C2	illegitimate	adj	Not sanctioned by marriage.		
C2	illegitimate	noun	A person born to unmarried parents.		
C2	illegitimate	verb	(transitive) To make illegitimate.		
C2	illiterate	adj	Having less than an expected standard of familiarity with language and literature, or having little formal education.		
C2	illiterate	adj	Ignorant in a specified way or about a specified subject.		
C2	illiterate	adj	Not conforming to prescribed standards of speech or writing.		
C2	illiterate	adj	Unable to read and write.	dốt nát	
C2	illiterate	noun	A person ignorant about a given subject. (The relevant subject is usually named as a noun adjunct.)		
C2	illiterate	noun	An illiterate person, one either not able to read and write or not knowing how.		
C2	invaluable	adj	Having great or incalculable value.		
C2	jerky	adj	(US) Having the behavior of a jerk (unpleasant person).		
C2	jerky	adj	Characterized by physical jerking, or by sudden and uneven progress.		
C2	jerky	noun	Lean meat cured and preserved by cutting into thin strips and air-drying in the sun.		
C2	jerky	verb	(transitive) To cure and preserve (meat) by drying it, making jerky.		
C2	labyrinth	noun	(anatomy) A tortuous anatomical structure:		
C2	labyrinth	noun	(Greek mythology) A maze-like structure built by Daedalus in Knossos, containing the Minotaur.	mê cung	
C2	labyrinth	noun	Any of various satyrine butterflies of the genus Neope.		
C2	labyrinth	verb	To arrange in the form of a labyrinth.		
C2	labyrinth	verb	To become lost and confused, as if in a labyrinth.		
C2	labyrinth	verb	To enclose in a labyrinth, or as though in a labyrinth.		
C2	labyrinth	verb	To twist and wind, following a labyrinthine path.		
C2	leftover	adj	Remaining; left behind; extra; odd; in reserve.		
C2	leftover	noun	(chiefly in the plural, usually of food) Remaining after a meal is complete or eaten for a later meal or snack.		
C2	leftover	noun	Something left behind; an excess or remainder.		
C2	literal	adj	Actual, real, physical.		
C2	literal	adj	Exactly as stated; read or understood without interpretation; according to the letter; not figurative or metaphorical; following the letter or exact words; not taking liberties; etymonic rather than idiomatic.	nghĩa đen	
C2	literal	adj	Following the historical-grammatical method of biblical interpretation.		
C2	literal	adj	That which generally assumes that the plainest reading of a given text is correct but which allows for metaphor where context indicates it.		
C2	literal	noun	(epigraphy, typography) A misprint (or occasionally a scribal error) that affects a letter.		
C2	literal	noun	(logic) A propositional variable, or the negation of a propositional variable. ᵂᵖ		
C2	literal	noun	(programming) A value, as opposed to an identifier, written into the source code of a computer program.		
C2	loco	adj	(colloquial) Crazy.		
C2	loco	adj	(Southwestern US) Intoxicated by eating locoweed.		
C2	loco	adv	(music) A direction in written or printed music to be returning to the proper pitch after having played an octave higher or lower.		
C2	loco	noun	(historical US politics, informal) Short for locofoco, in its various senses.		
C2	loco	noun	(rail transport, informal) Short for locomotive.		
C2	loco	noun	A certain species of Astragalus or Oxytropis, capable of causing locoism.		
C2	loco	verb	(transitive, colloquial, by extension) To render insane.		
C2	loco	verb	(transitive) To poison with the loco plant; to affect with locoism.		
C2	lollipop	noun	(motor racing) A sign on a stick held in front of the vehicle during a pit stop.		
C2	lollipop	noun	An item of confectionery consisting of a piece of candy or sweet attached to a stick.		
C2	lollipop	noun	Something having the shape of a lollipop: a linear stem connected to a round body.		
C2	lollipop	verb	(horticulture) To prune the lower branches of a tree or other plant so that new growth appears only at the top, where more light is received.		
C2	lucrative	adj	(military) Of a target: worth attacking; whose destruction is militarily useful.		
C2	lucrative	adj	Producing a surplus; profitable.		
C2	makeover	noun	A major change in the use of something, or in the appearance of something or someone; a radical transformation.		
C2	malicious	adj	Intending to do harm; characterized by spite and malice.		
C2	mammoth	adj	Comparable to a mammoth in its size; very large, huge, gigantic.		
C2	mammoth	noun	(figuratively) Something very large of its kind.		
C2	mammoth	noun	A kind of large donkey.		
C2	mammoth	noun	Any species of the extinct genus Mammuthus, of large, usually hairy, elephant-like mammals with long curved tusks and an inclined back, which became extinct with the last retreat of ice age glaciers during the late Pleistocene period, and are known from fossils, frozen carcasses, and Paleolithic cave paintings found in North America and Eurasia.	voi ma mút	
C2	meatball	noun	(graphical user interface) A menu icon of three horizontal dots.		
C2	meatball	noun	(motor racing) Ellipsis of meatball flag.		
C2	meatball	noun	(slang) A stupid person; a meathead.		
C2	meatball	noun	A ball of minced or ground meat, seasoned and cooked.	thịt viên	
C2	microscopic	adj	(figurative) Carried out with great attention to detail.		
C2	microscopic	adj	Of, or relating to microscopes or microscopy; microscopal		
C2	microscopic	adj	So small that it can only be seen with the aid of a microscope.		
C2	microscopic	adj	Very small; minute		
C2	miscarriage	noun	(medicine) The spontaneous natural termination of a pregnancy, especially before it is viable; the fatal expulsion of a foetus from the womb before term.		
C2	miscarriage	noun	(now rare except in miscarriage of justice) A failure; a mistake or error.		
C2	monarchy	noun	A form of government where sovereignty is embodied by a single ruler in a state and his high aristocracy representing their separate divided lands within the state and their low aristocracy representing their separate divided fiefs.		
C2	monarchy	noun	A government in which sovereignty is embodied within a single, today usually hereditary head of state (whether as a figurehead or as a powerful ruler).		
C2	monarchy	noun	States based on a system of governance headed by a king or a queen.		
C2	monarchy	noun	The territory ruled over by a monarch; a kingdom.		
C2	mortality	noun	(figuratively) Death.		
C2	mortality	noun	The number of deaths; and, usually and especially, the number of deaths per time unit (usually per year), expressed as a rate.		
C2	mortality	noun	The state or quality of being mortal.		
C2	mortuary	adj	Of or relating to death or a funeral; funereal.		
C2	mortuary	noun	(historical) A sort of ecclesiastical heriot, a customary gift claimed by, and due to, the minister of a parish on the death of a parishioner.		
C2	mortuary	noun	A place where dead bodies are stored prior to burial or cremation; broadly, synonym of funeral home.		
C2	mow	noun	(cricket) A shot played with a sweeping or scythe-like motion.		
C2	mow	noun	(now only dialectal) A scornful grimace; a wry face.		
C2	mow	noun	(now regional) A stack of hay, corn, beans or a barn for the storage of hay, corn, beans.		
C2	mow	noun	Alternative form of mew (a seagull)		
C2	mow	noun	The act of mowing (a garden, grass, etc.).		
C2	mow	noun	The place in a barn where hay or grain in the sheaf is stowed.		
C2	mow	verb	(agriculture) To put into mows.		
C2	mow	verb	(transitive, often with through) To cut down or slaughter in great numbers.	cắt	
C2	mow	verb	(transitive) To cut down grass or crops.	cắt	
C2	mow	verb	To make grimaces, mock.		
C2	mutton	adj	(Cockney rhyming slang) deaf.		
C2	mutton	noun	(historical) An old Anglo-French gold coin impressed with the image of a lamb.		
C2	mutton	noun	(often qualified with the type) The meat of a goat, urial, or other caprine.		
C2	mutton	noun	(typography slang) Em, a unit of measurement equal to the height of the type in use.		
C2	mutton	noun	The meat of sheep used as food; especially, that of adults.		
C2	nebula	noun	(astronomy) A cloud in outer space consisting of gas or dust (e.g. a cloud formed after a star explodes).		
C2	negligence	noun	(law, singular only) The tort whereby a duty of reasonable care was breached, causing damage: any conduct short of intentional or reckless action that falls below the legal standard for preventing unreasonable injury.		
C2	negligence	noun	(law, uncountable) The breach of a duty of care: the failure to exercise a standard of care that a reasonable person would have in a similar situation.		
C2	negligence	noun	The state of being negligent.		
C2	neurotic	adj	(informal) Overly anxious.		
C2	neurotic	adj	(medicine) Useful in disorders of, or affecting, the nerves.		
C2	neurotic	adj	Affected with a neurosis.		
C2	neurotic	noun	(informal) A crazy person.		
C2	neurotic	noun	(medicine) A person who has a neurosis.		
C2	nutty	adj	(slang) Barmy: eccentric, odd; crazy, mad, insane.		
C2	nutty	adj	Containing nuts.		
C2	nutty	adj	Resembling or characteristic of nuts.		
C2	observatory	noun	A lookout (vantage point with a view of the surrounding area)		
C2	observatory	noun	A place where stars, planets and other celestial bodies are observed, usually through a telescope; also place for observing meteorological or other natural phenomena.		
C2	obsolete	adj	(biology) Imperfectly developed; not very distinct.		
C2	obsolete	adj	(of words, equipment, etc.) No longer in use or no longer useful; now disused or neglected (often in favour of something newer, better, or more fashionable); outmoded.	lỗi thời	
C2	obsolete	noun	An obsolete thing or person.		
C2	obsolete	verb	(transitive) To cause to become obsolete.		
C2	ointment	noun	(medicine) A viscous preparation of oils and/or fats, usually containing medication, used as a treatment or as an emollient.		
C2	ointment	noun	A substance used to anoint, as in religious rituals.		
C2	onward	adj	(not comparable) Moving forward.		
C2	onward	adj	Advanced in a forward direction or toward an end.		
C2	onward	adv	In a forward direction.		
C2	onward	verb	(intransitive) To keep going; to progress or persevere.		
C2	onward	verb	(transitive) To pass (something) onward; to forward.		
C2	orchestral	adj	Relating to an orchestra or to music played by an orchestra.		
C2	orchestral	noun	(uncommon) An orchestral performance.		
C2	oval	adj	Having the shape of an oval.		
C2	oval	adj	Of or pertaining to an ovum.		
C2	oval	noun	(Australia) A sports field, typically but not exclusively oval in shape.		
C2	oval	noun	(mathematics) In a projective plane, a set of points such that no three are collinear and there is a unique tangent line at each point.		
C2	oval	noun	A thing having such a shape, such as an arena.		
C2	oval	noun	An elongated round shape resembling an ellipse or an egg.		
C2	pant	noun	(attributive) Of or relating to pants.		
C2	pant	noun	(fashion) A pair of pants (trousers or underpants).		
C2	pant	noun	(figurative) Eager longing.		
C2	pant	noun	(Scotland and northeast England) Any public drinking fountain.		
C2	pant	noun	A quick breathing; a catching of the breath; a gasp: the panting of animals such as a dog with their tong hung out- as a form of thermoregulation.		
C2	pant	verb	(ambitransitive) To breathe quickly or in a labored manner, as after exertion or from eagerness or excitement; to respire with heaving of the breast; to gasp.		
C2	pant	verb	(intransitive) Of the heart, to beat with unnatural violence or rapidity; to palpitate.		
C2	pant	verb	(intransitive) To long eagerly; to desire earnestly.		
C2	pant	verb	(intransitive) To sigh; to flutter; to languish.		
C2	partridge	noun	(ornithology) Any bird of a number of genera in the family Phasianidae, notably in the genera Perdix and Alectoris.		
C2	partridge	noun	(uncountable) The flesh or meat of this bird eaten as food.		
C2	pelvis	noun	(anatomy) A funnel-shaped cavity, especially such a cavity in the kidney into which urine passes towards the ureter.		
C2	pelvis	noun	(anatomy) The large compound bone structure at the base of the spine that supports the legs in hominids.	khung chậu	
C2	pelvis	noun	(loosely, by extension) The pelvic region of the human body.		
C2	penal	adj	Exorbitant.		
C2	penal	adj	Of or relating to punishment.		
C2	penal	adj	Serving as a place of punishment.		
C2	penal	adj	Subject to punishment; punishable.		
C2	persecution	noun	The act of persecuting, especially a specific group of people; an instance of persecution.	sự khủng bố	
C2	philosophical	adj	Detached, calm, stoic.		
C2	philosophical	adj	Of, or pertaining to, philosophy.		
C2	philosophical	adj	Rational; analytic or critically minded; thoughtful.		
C2	photographic	adj	(figurative) Synonym of accurate.		
C2	photographic	adj	Pertaining to photographs or photography.		
C2	planetary	adj	(astronomy) Of, or relating to planets, or the orbital motion of planets.		
C2	planetary	adj	(of a gear train) Epicyclic.		
C2	planetary	adj	Of, or relating to the Earth; terrestrial.		
C2	planetary	adj	Of, or relating to the whole Earth; global.		
C2	planetary	noun	A planetary nebula.		
C2	plow	noun	(American spelling) Alternative spelling of plough.		
C2	plow	verb	(American spelling) Alternative spelling of plough.		
C2	pompous	adj	Affectedly grand, solemn or self-important.		
C2	poodle	noun	(figuratively) A person servile towards someone whom they consider their superior.		
C2	poodle	noun	A breed of dog originating in Europe as hunting dogs, and having heavy, curly coat in a solid color; their shoulder height indicates their classification as standard, medium, miniature, or toy.		
C2	poodle	verb	(furry fandom) To wear a partial fursuit, typically the head and hands, while showing one's skin.		
C2	predicament	noun	(logic) That which is predicated; a category.		
C2	predicament	noun	A definite class, state or condition.		
C2	predicament	noun	An unfortunate or trying position or condition.		
C2	prostate	adj	Alternative spelling of pro-state.		
C2	prostate	adj	Of or relating to the prostate gland.		
C2	prostate	noun	The prostate gland.	tuyến tiền liệt	
C2	prudent	adj	Frugal; economical; not extravagant.		
C2	prudent	adj	Practically wise, judicious, shrewd.		
C2	prudent	adj	Sagacious in adapting means to ends; circumspect in action, or in determining any line of conduct.		
C2	psyche	noun	(chiefly psychology) The human mind as the central force in thought, emotion, and behavior of an individual.		
C2	psyche	noun	A small white butterfly, Leptosia nina, family Pieridae, of Asia and Australasia.		
C2	psyche	noun	Abbreviation of psychology.		
C2	psyche	noun	The human soul, mind, or spirit.	tâm	
C2	psyche	phrase	(colloquial) Alternative form of psych.		
C2	psyche	verb	Alternative form of psych.		
C2	rad	noun	(automotive, plumbing, slang) Clipping of radiator.		
C2	rad	noun	(metrology) A non-SI unit of absorbed dose of radiation, equal to 0.01 gray, that is, 1 centigray.		
C2	rad	noun	Clipping of radical: a political radical.		
C2	rad	noun	Symbol for the radian, a unit of measure for angle.		
C2	rebirth	noun	Reincarnation; new birth subsequent to one's first.		
C2	rebirth	noun	Revival, reinvigoration.		
C2	rebirth	noun	Spiritual renewal.		
C2	rebirth	verb	(intransitive) To be born again, spiritually renewed, or revived.		
C2	rebirth	verb	(transitive) To cause to be born again, spiritually renewed, or revived.		
C2	redo	noun	A repeated action; a doing again, refurbishment, etc.		
C2	redo	verb	To do again.		
C2	refusal	noun	(civil engineering) Depth or point at which well or borehole drilling cannot continue.		
C2	refusal	noun	The act of refusing.		
C2	rudder	noun	(aeronautics) A control surface on the vertical stabilizer of a fixed-wing aircraft or an autogyro. On some craft, the entire vertical stabilizer comprises the rudder. The rudder is controlled by foot-operated control pedals.		
C2	rudder	noun	(figurative) That which resembles a rudder as a guide or governor; that which guides or governs the course.		
C2	rudder	noun	A riddle or sieve.		
C2	rudder	noun	The tail of an otter.		
C2	ruse	noun	(countable, by extension) An action intended to deceive; a trick.		
C2	ruse	noun	(uncountable) Cunning, guile, trickery.		
C2	ruse	verb	(intransitive) To deceive or trick using a ruse.		
C2	salami	noun	(baseball) A grand slam.		
C2	salami	noun	(slang) The penis.		
C2	salami	noun	A large cured meat sausage of Italian origin, served in slices.	xúc xích ý	
C2	samba	noun	(dance) A Brazilian ballroom dance or dance style.		
C2	samba	noun	(music) A Brazilian musical genre, to which the aforementioned dance is danced, which has its roots in West Africa via the slave trade.		
C2	samba	verb	(intransitive) To dance the samba.		
C2	seaman	noun	(British, Navy) A person of the lowest rank in the Navy, below able seaman.		
C2	seaman	noun	(US, Navy) An enlisted rate in the United States Navy and United States Coast Guard, ranking below petty officer third class and above seaman apprentice.		
C2	seaman	noun	A merman; the male of the mermaid.		
C2	seaman	noun	Synonym of sailor, particularly on a maritime vessel.		
C2	serenity	noun	A lack of agitation or disturbance.		
C2	serenity	noun	A title given to a reigning prince or similar dignitary.		
C2	serenity	noun	The state of being serene; calmness; peacefulness.		
C2	silicon	noun	(chemistry, countable) A single atom of this element.		
C2	silicon	noun	(chemistry, uncountable) A nonmetallic element (symbol Si) with an atomic number of 14 and atomic weight of 28.0855.	silic	
C2	silicon	noun	(slang) A computer processor.		
C2	silicon	noun	(slang) Computing.		
C2	silicon	noun	Abbreviation of silicon chip.		
C2	skeptical	adj	Having, or expressing doubt; questioning.		
C2	skeptical	adj	Of or relating to philosophical skepticism or the skeptics.		
C2	slab	noun	(Australia) A carton containing 24 cans (chiefly of beer).		
C2	slab	noun	(computing) A sequence of 12 adjacent bits, serving as a byte in some computers.		
C2	slab	noun	(Southern US, slang) A car that has been modified with equipment such as loudspeakers, lights, special paint, hydraulics, and other accessories.		
C2	slab	noun	A large, flat piece of solid material; a solid object that is large and flat.		
C2	slab	noun	A paving stone; a flagstone.		
C2	slab	noun	An outside piece taken from a log or timber when sawing it into boards, planks, etc.		
C2	slab	verb	(transitive, informal) To destroy (a structure) so completely as to leave only the foundation slab visible.		
C2	slab	verb	(transitive) To make into a slab.		
C2	sled	noun	(chiefly Canada, US) A vehicle on runners, used for conveying loads over the snow or ice, and often pulled by sled dogs.		
C2	sled	noun	(slang, chiefly Canada, US, figuratively) A car (automobile) or truck, usually called so with the implication of sledlike traits: heavy, low-slung, and prone to going fast but not braking or cornering particularly well.		
C2	sled	noun	(slang, chiefly Canada, US) A snowmobile.		
C2	sled	noun	A small, light vehicle with runners, used recreationally, mostly by children, for sliding down snow-covered hills; no draft animal pulls it.		
C2	sled	verb	(intransitive) To ride a sled.		
C2	sled	verb	(transitive) To convey on a sled.		
C2	snowman	noun	(baseball, golf) A score of eight, especially within one inning (in baseball) or on one hole (in golf, where it is also known as dogballs).		
C2	snowman	noun	(slang) A playing card with the rank of eight.		
C2	snowman	noun	A humanoid figure made with large snowballs stacked on each other. Human traits like a face and arms may be fashioned with sticks (arms), a carrot (nose), and stones or coal (eyes, mouth).		
C2	snowy	adj	Covered with snow; snow-covered; besnowed.		
C2	snowy	adj	Marked by snow; characterized by snow.		
C2	snowy	adj	Snow-white in color, white as snow.		
C2	snowy	noun	(informal) Synonym of snowy egret.		
C2	snowy	noun	(informal) Synonym of snowy owl.		
C2	soften	verb	(intransitive) To become soft or softer.		
C2	soften	verb	(transitive) To make less harsh.		
C2	soften	verb	(transitive) To make something soft or softer.		
C2	soften	verb	(transitive) To undermine the morale of someone (often soften up).		
C2	stairwell	noun	A shaft in a multi-story building enclosing a stairway or staircase.		
C2	stakeout	noun	The act of watching a location or people, generally covertly.		
C2	stride	noun	(countable, computing) The number of memory locations between successive elements in an array, pixels in a bitmap, etc.		
C2	stride	noun	(countable) A long step in walking.		
C2	stride	noun	(countable) The distance covered by a long step.		
C2	stride	noun	(uncountable, music) A jazz piano style of the 1920s and 1930s. The left hand characteristically plays a four-beat pulse with a single bass note, octave, seventh or tenth interval on the first and third beats, and a chord on the second and fourth beats.		
C2	stride	verb	(intransitive) To walk with long steps.		
C2	stride	verb	To pass over at a step; to step over.		
C2	stride	verb	To stand with the legs wide apart; to straddle.		
C2	stride	verb	To straddle.		
C2	structural	adj	Involving the mechanics of construction.		
C2	structural	adj	Of, relating to, or having structure.		
C2	structural	noun	Structural steel, used in construction.		
C2	submission	noun	A submission hold in wrestling, mixed martial arts, or other combat sports.		
C2	submission	noun	A subset or component of a mission.		
C2	submission	noun	The act of submitting or giving e.g. a completed piece of work.		
C2	submission	noun	The act of submitting or yielding; surrender.		
C2	submission	noun	The thing which has been submitted.		
C2	succession	noun	An act, process, or instance of succeeding:		
C2	swain	noun	(poetic) A rural lover; a male sweetheart in a pastoral setting.		
C2	syphilis	noun	(pathology) A disease spread via sexual activity, caused by the bacterium Treponema pallidum.	giang mai	
C2	toot	noun	(Australia, slang) A toilet.		
C2	toot	noun	(by extension, countable, informal) A fart; flatus.		
C2	toot	noun	(countable, slang) A portion of cocaine that a person snorts.		
C2	toot	noun	(countable) The noise of a horn or whistle.	tiếng còi	
C2	toot	noun	(uncountable, slang) Cocaine.		
C2	toot	verb	To peep; to look narrowly.		
C2	toot	verb	To produce the noise of a horn or whistle.		
C2	toot	verb	To see; to spy.		
C2	toot	verb	To stand out, or be prominent.		
C2	tourism	noun	(figurative) The act of visiting another region or jurisdiction for a particular purpose.		
C2	tourism	noun	The act of travelling or sightseeing, particularly away from one's home.	sự du lịch	
C2	tourism	noun	The industry in which such travels and sightseeing are organized.		
C2	trainee	noun	A juvenile inmate being trained and (re)educated in a reformatory school.		
C2	trainee	noun	Someone who is still in the process of being formally trained in a workplace.		
C2	ulcer	noun	(figurative) Anything that festers and corrupts like an open sore; a vice in character.	loét	
C2	ulcer	noun	(pathology) An open sore of the skin, eyes or mucous membrane, often caused by an initial abrasion and generally maintained by an inflammation and/or an infection.	loét	
C2	ulcer	noun	(pathology) Peptic ulcer.		
C2	ulcer	verb	To ulcerate.		
C2	undergo	verb	(transitive) To experience; to pass through a phase.		
C2	undergo	verb	(transitive) To suffer or endure; bear with.		
C2	unfamiliar	adj	Strange, not familiar.		
C2	unfamiliar	noun	An unfamiliar person; a stranger.		
C2	unprofessional	adj	Lacking a profession.		
C2	unprofessional	adj	Not relating to professional occupation or employment; nonprofessional.		
C2	unprofessional	adj	Unbecoming of a professional; hence inappropriate in the workplace.		
C2	unprofessional	noun	One who is not a professional.		
C2	vendor	noun	A person or a company that vends or sells.	ngưởi bán hàng rong	
C2	vendor	noun	A vending machine.		
C2	vendor	verb	(transitive, software engineering) As the software vendor, to bundle one's own, possibly modified version of dependencies with a standard program.		
C2	vendor	verb	(transitive, software engineering) To bundle third-party dependencies with the source code for one's own program.		
C2	volatile	adj	Fickle.		
C2	volatile	adj	Of a person, quick to become angry or violent.		
C2	volatile	adj	Of a situation potentially violent.		
C2	volatile	adj	Temporary or ephemeral.		
C2	volatile	noun	(programming) A variable that is volatile, i.e. has its associated memory immediately updated with any change in value.		
C2	volatile	noun	A chemical or compound that changes into a gas easily.		
C2	waffle	noun	(British, dialectal) The high-pitched sound made by a young dog; also, a muffled bark.		
C2	waffle	noun	(colloquial) (Often lengthy) speech or writing that is evasive or vague, or pretentious.		
C2	waffle	noun	(construction, also attributively) A concrete slab used in flooring with a gridlike structure of ribs running at right angles to each other on its underside.		
C2	waffle	noun	(countable, British) In full potato waffle: a savoury flat potato cake with the same kind of grid pattern.		
C2	waffle	noun	(countable) A flat pastry pressed with a grid pattern, often eaten hot with butter and/or honey or syrup.		
C2	waffle	noun	(textiles, chiefly attributively) A type of fabric woven with a honeycomb texture.		
C2	waffle	verb	(ambitransitive) Often followed by on: to speak or write (something) at length without any clear aim or point; to ramble.		
C2	waffle	verb	(intransitive, British, dialectal) Of a dog: to bark with a high pitch like a puppy, or in muffled manner.		
C2	waffle	verb	(intransitive) Of a bird: to move in a side-to-side motion while descending before landing.		
C2	waffle	verb	(intransitive) To speak or write evasively or vaguely.		
C2	waffle	verb	(transitive, slang) To smash (something).		
C2	waffle	verb	(transitive) To hold horizontally and rotate (one's hand) back and forth in a gesture of ambivalence or vacillation.		
C2	waldo	noun	Synonym of telefactor.		
